"","jobpost_id","job_name","job_qty","age_min","age_max","study_field","job_qualification","min_salary","job_description","manychat_id","job_sex","study_level","work_exp","created","updated","confirmed","batch","location","utm_x","utm_y","utm_zone_number","utm_zone_letter","job_type","online"
"1",54,"Facebook Marketing",3,22,26,"-","‡∏≠‡πà‡∏≤‡∏ô ‡πÄ‡∏Ç‡∏µ‡∏¢‡∏ô ‡∏†‡∏≤‡∏©‡∏≤‡∏≠‡∏±‡∏á‡∏Å‡∏§‡∏© ‡πÑ‡∏î‡πâ‡∏î‡∏µ",30000,"‡∏ó‡∏≥‡∏Å‡∏≤‡∏£‡∏ï‡∏•‡∏≤‡∏î‡∏ó‡∏≤‡∏á‡∏ä‡πà‡∏≠‡∏á‡∏ó‡∏≤‡∏á facebook",3961592380577625,3,5,1,2020-06-07 09:00:36,2020-06-08 09:05:23,2020-06-07 09:00:36,FALSE,"‡∏ö‡∏≤‡∏á‡∏ô‡∏≤",674486.484249617,1511131.01756457,47,"P",NA,NA
"2",66,"‡πÅ‡∏≠‡∏î‡∏°‡∏¥‡∏ô",1,25,32,"‡πÅ‡∏ü‡∏ä‡∏±‡πà‡∏ô","‡∏ï‡∏≠‡∏ö‡∏Ñ‡∏≥‡∏ñ‡∏≤‡∏° ‡∏†‡∏≤‡∏©‡∏≤‡∏≠‡∏±‡∏á‡∏Å‡∏§‡∏©‡πÑ‡∏î‡πâ ‡πÄ‡∏Ç‡πâ‡∏≤‡πÉ‡∏à ‡∏£‡∏π‡πâ‡πÄ‡∏£‡∏∑‡πà‡∏≠‡∏á
‡∏°‡∏µ‡∏õ‡∏£‡∏∞‡∏™‡∏ö‡∏Å‡∏≤‡∏£‡∏ì‡πå‡∏î‡πâ‡∏≤‡∏ô‡∏Å‡∏≤‡∏£‡∏Ç‡∏≤‡∏¢‡∏™‡∏¥‡∏ô‡∏Ñ‡πâ‡∏≤‡πÅ‡∏ü‡∏ä‡∏±‡πà‡∏ô ‡∏´‡∏£‡∏∑‡∏≠ ‡∏™‡∏¥‡∏ô‡∏Ñ‡πâ‡∏≤‡πÅ‡∏°‡πà‡πÅ‡∏•‡∏∞‡πÄ‡∏î‡πá‡∏Å",12000,"‡πÅ‡∏≠‡∏î‡∏°‡∏¥‡∏ô‡∏î‡∏π‡πÅ‡∏• ‡πÄ‡∏û‡∏à ‡πÄ‡∏™‡∏∑‡πâ‡∏≠‡∏ú‡πâ‡∏≤ ‡πÅ‡∏°‡πà‡∏•‡∏π‡∏Å 
‡∏ï‡∏≠‡∏ö ‡∏Ñ‡∏≥‡∏ñ‡∏≤‡∏°‡∏•‡∏π‡∏Å‡∏Ñ‡πâ‡∏≤
‡πÅ‡∏û‡∏Ñ‡∏Ç‡∏≠‡∏á
‡∏™‡πà‡∏á‡∏Ç‡∏≠‡∏á 
‡πÄ‡∏ä‡πá‡∏Ñ‡∏™‡∏ï‡πä‡∏≠‡∏Å‡∏™‡∏¥‡∏ô‡∏Ñ‡πâ‡∏≤",2984968911590219,3,5,0,2020-06-14 23:12:35,2020-06-14 23:12:35,2020-06-14 23:12:35,FALSE,"‡∏£‡∏≤‡∏°‡∏≠‡∏¥‡∏ô‡∏ó‡∏£‡∏≤ 65",678167.246718213,1532008.27335091,47,"P",NA,NA
"3",33,"Accountant",1,29,35,"-","Tax",20000,"‡∏î‡∏π‡πÅ‡∏•‡πÄ‡∏≠‡∏Å‡∏™‡∏≤‡∏£‡∏£‡∏±‡∏ö‡∏à‡πà‡∏≤‡∏¢ ‡∏†‡∏≤‡∏©‡∏µ",2941175142599132,2,5,3,2020-05-29 14:21:22,2020-05-29 14:21:22,2020-05-29 14:21:22,FALSE,"‡∏û‡∏£‡∏∞‡∏£‡∏≤‡∏°‡πÄ‡∏Å‡πâ‡∏≤ ‡∏ã‡∏≠‡∏¢ 60",676504.490173327,1519744.8950465,47,"P",0,FALSE
"4",34,"‡πÅ‡∏Ñ‡∏ä‡πÄ‡∏ä‡∏µ‡∏¢‡∏£‡πå‡∏£‡πâ‡∏≤‡∏ô‡∏ä‡∏≤‡∏ô‡∏°‡πÑ‡∏Ç‡πà‡∏°‡∏∏‡∏Å",2,20,35,"-","‡∏£‡∏±‡∏ö‡∏ú‡∏¥‡∏î‡∏ä‡∏≠‡∏ö
‡∏ã‡∏∑‡πà‡∏≠‡∏™‡∏±‡∏ï‡∏¢‡πå
‡πÑ‡∏ß‡πâ‡πÉ‡∏à‡πÑ‡∏î‡πâ
‡∏´‡∏±‡∏ß‡πÑ‡∏ß",13000,"-‡∏î‡∏π‡πÅ‡∏•‡πÄ‡∏á‡∏¥‡∏ô‡∏Ç‡∏≠‡∏á‡∏£‡πâ‡∏≤‡∏ô
-‡πÉ‡∏ä‡πâ‡πÄ‡∏Ñ‡∏£‡∏∑‡πà‡∏≠‡∏ápos‡πÉ‡∏ô‡∏Å‡∏≤‡∏£‡∏£‡∏±‡∏ö‡∏≠‡∏≠‡πÄ‡∏î‡∏≠‡∏£‡πå‡πÅ‡∏•‡∏∞‡∏Ñ‡∏¥‡∏î‡πÄ‡∏á‡∏¥‡∏ô
-‡∏õ‡∏¥‡∏î‡∏¢‡∏≠‡∏î‡∏Ç‡∏≤‡∏¢‡πÅ‡∏ï‡πà‡∏•‡∏∞‡∏ß‡∏±‡∏ô
-‡πÄ‡∏≠‡∏≤‡πÄ‡∏á‡∏¥‡∏ô‡πÄ‡∏Ç‡πâ‡∏≤‡∏ù‡∏≤‡∏Å‡πÅ‡∏ö‡∏á‡∏Ñ‡πå",3416290838400501,2,0,1,2020-05-29 14:21:22,2020-05-30 09:01:38,2020-05-29 14:21:22,FALSE,"‡∏´‡πâ‡∏≤‡∏á ‡∏£‡∏¥‡πÄ‡∏ß‡∏≠‡∏£‡πå‡πÑ‡∏ã‡∏î‡πå ‡∏û‡∏•‡∏≤‡∏ã‡πà‡∏≤ ‡πÄ‡∏à‡∏£‡∏¥‡∏ç‡∏ô‡∏Ñ‡∏£ ‡∏ä‡∏±‡πâ‡∏ô 1 ‡πÉ‡∏ô‡πâ ‡∏ö‡∏±‡∏ô‡πÑ‡∏î‡πÄ‡∏•‡∏∑‡πà‡∏≠‡∏ô",661251.692150225,1515611.32630264,47,"P",0,FALSE
"5",35,"‡∏Ñ‡∏ô‡∏¢‡∏Å‡∏Ç‡∏≠‡∏á
‡πÅ‡∏Ñ‡∏ä‡πÄ‡∏ä‡∏µ‡∏¢‡∏£‡πå",2,20,35,"-","‡πÑ‡∏°‡πà‡∏≤",10000,"‡∏Ñ‡∏ô‡∏¢‡∏Å‡∏Ç‡∏≠‡∏á ‡∏¢‡∏Å‡πÅ‡∏≠‡∏£‡πå‡πÅ‡∏•‡∏∞‡∏™‡∏¥‡∏ô‡∏Ñ‡πâ‡∏≤‡∏ï‡πà‡∏≤‡∏á‡πÜ‡∏ï‡∏≤‡∏°‡∏≠‡∏≠‡πÄ‡∏î‡∏≠‡∏£‡πå

‡πÅ‡∏Ñ‡∏ä‡πÄ‡∏ä‡∏µ‡∏¢‡∏£‡πå ‡∏ó‡∏≥‡∏Å‡∏≤‡∏£‡∏Ç‡∏≤‡∏¢‡∏™‡∏¥‡∏ô‡∏Ñ‡πâ‡∏≤‡∏ú‡πà‡∏≤‡∏ô‡πÇ‡∏õ‡∏£‡πÅ‡∏Å‡∏£‡∏°‡∏™‡∏≥‡πÄ‡∏£‡πá‡∏à‡∏£‡∏π‡∏õ",2996583690454927,3,2,0,2020-05-29 14:21:22,2020-05-29 14:21:22,2020-05-29 14:21:22,FALSE,"‡πÄ‡∏°‡∏∑‡∏≠‡∏á‡∏ä‡∏•‡∏ö‡∏∏‡∏£‡∏µ",714943.710536664,1477934.26635955,47,"P",0,FALSE
"6",36,"‡∏û‡∏ô‡∏±‡∏Å‡∏á‡∏≤‡∏ô‡∏Ç‡∏≤‡∏¢‡∏Ç‡∏≠‡∏á",5,19,40,"-","‡πÑ‡∏°‡πà‡∏ï‡πâ‡∏≠‡∏á",15000,"‡∏Ç‡∏≤‡∏¢‡∏Ç‡∏≠‡∏á‡πÉ‡∏ô‡∏´‡πâ‡∏≤‡∏á",2506970779404968,3,2,0,2020-05-29 14:21:22,2020-05-30 09:52:10,2020-05-29 14:21:22,FALSE,"‡∏Å‡∏£‡∏∏‡∏á‡πÄ‡∏ó‡∏û",662362.802498579,1521284.04988614,47,"P",0,FALSE
"7",28,"Programer",3,28,120,"-","‡πÑ‡∏°‡πà‡∏ï‡πâ‡∏≠‡∏á‡∏°‡∏µ",15000,"‡πÄ‡∏Ç‡∏µ‡∏¢‡∏ô Python",2945944152161824,3,3,0,2020-05-29 14:21:22,2020-05-29 14:21:22,2020-05-29 14:21:22,FALSE,"‡πÇ‡∏£‡∏á‡∏û‡∏¢‡∏≤‡∏ö‡∏≤‡∏•‡∏Å‡∏∏‡∏°‡∏†‡∏ß‡∏≤‡∏õ‡∏µ",289301.519281513,1892245.14479489,48,"Q",0,FALSE
"8",32,"‡∏ú‡∏π‡πâ‡∏ä‡πà‡∏ß‡∏¢‡∏ú‡∏π‡πâ‡∏à‡∏±‡∏î‡∏Å‡∏≤‡∏£‡∏®‡∏π‡∏ô‡∏¢‡πå‡∏Å‡∏£‡∏∞‡∏à‡∏≤‡∏¢‡∏™‡∏¥‡∏ô‡∏Ñ‡πâ‡∏≤",1,28,40,"‡∏à‡∏±‡∏î‡∏Å‡∏≤‡∏£‡∏ú‡∏±‡∏Å‡∏ú‡∏•‡πÑ‡∏°‡πâ‡∏™‡∏î (‡∏´‡∏≤‡∏Å‡πÑ‡∏°‡πà‡∏°‡∏µ‡∏õ‡∏£‡∏∞‡∏™‡∏ö‡∏Å‡∏≤‡∏£‡∏ì‡πå‡∏™‡∏≤‡∏°‡∏≤‡∏£‡∏ñ‡πÄ‡∏£‡∏µ‡∏¢‡∏ô‡∏£‡∏π‡πâ‡πÑ‡∏î‡πâ)‚Äã","‡∏°‡∏µ‡πÉ‡∏ö‡∏Ç‡∏±‡∏ö‡∏Ç‡∏µ‡πà",12000,"‡πÉ‡∏ä‡πâ‡∏á‡∏≤‡∏ô Microsoft Excel ‡πÑ‡∏î‡πâ ‡∏Ñ‡∏ß‡∏ö‡∏Ñ‡∏∏‡∏°‡∏£‡∏∞‡∏ö‡∏ö‡πÄ‡∏ö‡∏¥‡∏Å‡∏à‡πà‡∏≤‡∏¢‡∏™‡∏¥‡∏ô‡∏Ñ‡πâ‡∏≤ Stock ‡∏ß‡∏≤‡∏á‡πÅ‡∏ú‡∏ô‡∏á‡∏≤‡∏ô‡πÉ‡∏ô‡∏Ñ‡∏•‡∏±‡∏á ‡∏£‡πà‡∏ß‡∏°‡∏û‡∏±‡πç‡∏í‡∏ô‡∏≤‡∏£‡∏∞‡∏ö‡∏ö‡∏á‡∏≤‡∏ô ‡∏™‡∏≤‡∏°‡∏≤‡∏£‡∏ñ‡∏ó‡∏≥‡∏á‡∏≤‡∏ô‡∏£‡πà‡∏ß‡∏°‡∏Å‡∏±‡∏ô‡πÄ‡∏õ‡πá‡∏ô‡∏ó‡∏µ‡∏°",2993516674076262,3,4,3,2020-05-29 14:21:22,2020-05-29 14:21:22,2020-05-29 14:21:22,FALSE,"‡∏Ñ‡∏•‡∏≠‡∏á‡∏™‡∏≠‡∏á ‡∏Ñ‡∏•‡∏≠‡∏á‡∏´‡∏•‡∏ß‡∏á‚Äã ‡∏õ‡∏ó‡∏∏‡∏°‡∏ò‡∏≤‡∏ô‡∏µ‚Äã",677284.182856825,1555407.94021628,47,"P",0,FALSE
"9",30,"Contact centet",5,20,40,"-","‡∏ï‡∏≠‡∏ö chat ‡πÑ‡∏î‡πâ‡πÑ‡∏ó‡∏¢‡∏≠‡∏±‡∏á‡∏Å‡∏§‡∏©‡∏à‡∏∞‡∏î‡∏µ‡∏°‡∏≤‡∏Å",11500,"Customer support. ‡πÄ‡∏ß‡πá‡∏ö‡πÑ‡∏ã‡∏ï‡πå‡∏≠‡∏µ‡∏Ñ‡∏≠‡∏°‡πÄ‡∏°‡∏¥‡∏£‡πå‡∏ã ‡∏ï‡∏≠‡∏ö‡∏ó‡∏≤‡∏á chat",3866407633432358,3,4,0,2020-05-29 14:21:22,2020-05-30 08:00:29,2020-05-29 14:21:22,FALSE,"‡∏≠‡πÇ‡∏®‡∏Å",668972.142618837,1519918.151014,47,"P",0,FALSE
"10",55,"‡∏û‡∏ô‡∏±‡∏Å‡∏á‡∏≤‡∏ô‡∏ó‡∏≥‡∏ö‡∏±‡∏ç‡∏ä‡∏µ ‡∏ó‡∏µ‡πà senior",1,25,45,"‡∏à‡∏ö‡∏™‡∏≤‡∏Ç‡∏≤ ‡∏ö‡∏±‡∏ç‡∏ä‡∏µ ‡∏´‡∏µ‡∏≠‡∏°‡∏µ‡∏õ‡∏£‡∏∞‡∏™‡∏ö‡∏Å‡∏≤‡∏£‡∏ì‡πå‡πÄ‡∏Ñ‡∏¢‡∏ó‡∏≥‡∏°‡∏≤‡∏Å‡πà‡∏≠‡∏ô","‡∏ú‡πà‡∏≤‡∏ô‡∏á‡∏≤‡∏ô ‡∏ö‡∏±‡∏ç‡∏ä‡∏µ",25000,"‡∏™‡∏≤‡∏°‡∏≤‡∏£‡∏ñ‡∏ó‡∏≥‡∏á‡∏≤‡∏ô‡πÑ‡∏î‡πâ‡∏´‡∏•‡∏≤‡∏Å‡∏´‡∏•‡∏≤‡∏¢ ‡∏ô‡∏≠‡∏Å‡πÄ‡∏´‡∏ô‡∏∑‡∏≠‡∏à‡∏≤‡∏Å‡∏ö‡∏±‡∏ç‡∏ä‡∏∂ ‡πÄ‡∏ä‡πà‡∏ô ‡∏á‡∏≤‡∏ô‡∏ö‡∏£‡∏¥‡∏Å‡∏≤‡∏£ ‡∏á‡∏≤‡∏ô HR
‡∏ä‡∏≠‡∏ö‡∏Å‡∏≤‡∏£‡∏û‡∏±‡∏í‡∏ô‡∏≤‡πÅ‡∏•‡∏∞‡∏Å‡∏≤‡∏£‡πÄ‡∏£‡∏µ‡∏¢‡∏ô‡∏£‡∏π‡πâ‡∏™‡∏¥‡πà‡∏á‡πÉ‡∏´‡∏°‡πà‡πÄ‡∏ô‡∏∑‡πà‡∏≠‡∏á‡∏à‡∏≤‡∏Å‡∏ö‡∏£‡∏¥‡∏©‡∏±‡∏ó ‡πÄ‡∏õ‡πá‡∏ô health technology ‡∏ó‡∏µ‡πà‡∏õ‡∏£‡∏±‡∏ö‡πÄ‡∏õ‡∏•‡∏µ‡πà‡∏¢‡∏ô model ‡πÅ‡∏•‡∏∞‡∏™‡∏¥‡∏ô‡∏Ñ‡πâ‡∏≤ ‡∏ö‡∏£‡∏¥‡∏Å‡∏≤‡∏£‡πÉ‡∏´‡πâ‡∏ó‡∏±‡∏ô‡∏Å‡∏±‡∏ö‡∏™‡∏ñ‡∏≤‡∏ì‡∏Å‡∏≤‡∏£‡∏ì‡πå
‡∏°‡∏µ‡∏Ñ‡∏ß‡∏≤‡∏°‡∏≠‡∏î‡∏ó‡∏ô‡πÅ‡∏•‡∏∞‡∏Å‡∏•‡πâ‡∏≤‡∏ó‡∏µ‡πà‡∏à‡∏∞‡πÅ‡∏™‡∏î‡∏á‡∏Ñ‡∏ß‡∏≤‡∏°‡∏∂‡∏î‡πÄ‡∏´‡πá‡∏ô",3540097652673051,3,5,3,2020-06-07 13:06:08,2020-06-08 13:17:32,2020-06-07 13:06:08,FALSE,"‡∏•‡∏≤‡∏î‡∏û‡∏£‡πâ‡∏≤‡∏ß",673877.684647291,1528864.2171672,47,"P",NA,NA
"11",67,"‡∏ß‡∏¥‡∏®‡∏ß‡∏Å‡∏£‡∏£‡∏°‡πÄ‡∏Ñ‡∏£‡∏∑‡πà‡∏≠‡∏á‡∏Å‡∏•, ‡∏ß‡∏¥‡∏®‡∏ß‡∏Å‡∏£‡∏£‡∏°‡πÄ‡∏´‡∏°‡∏∑‡∏≠‡∏á‡πÅ‡∏£‡πà, ‡∏ò‡∏£‡∏ì‡∏µ‡∏™‡∏≥‡∏£‡∏ß‡∏à, ‡πÄ‡∏Ñ‡∏°‡∏µ‡∏ß‡∏¥‡πÄ‡∏Ñ‡∏£‡∏≤‡∏∞‡∏´‡πå, ‡∏ö‡∏±‡∏ç‡∏ä‡∏µ‡πÅ‡∏•‡∏∞‡∏Å‡∏≤‡∏£‡πÄ‡∏á‡∏¥‡∏ô, ‡∏Ñ‡∏á‡∏Ñ‡∏•‡∏±‡∏á, ‡∏ò‡∏∏‡∏£‡∏Å‡∏≤‡∏£, ‡∏ä‡πà‡∏≤‡∏á‡πÄ‡∏Ñ‡∏£‡∏∑‡πà‡∏≠‡∏á‡∏Å‡∏•, ‡∏ß‡∏¥‡∏®‡∏ß‡∏Å‡∏£‡πÑ‡∏ü‡∏ü‡πâ‡∏≤, ‡∏ä‡πà‡∏≤‡∏á‡πÑ‡∏ü‡∏ü‡πâ‡∏≤, ‡∏ú‡∏π‡πâ‡∏Ñ‡∏∏‡∏°‡πÑ‡∏ã‡∏ï‡πå‡∏á‡∏≤‡∏ô",22,30,45,"‡πÄ‡∏à‡∏≤‡∏∞‡∏à‡∏á","‡∏°‡∏µ‡∏ó‡∏±‡∏Å‡∏©‡∏∞‡∏†‡∏≤‡∏©‡∏≤‡∏≠‡∏±‡∏á‡∏Å‡∏§‡∏© ‡∏ñ‡πâ‡∏≤‡∏ä‡∏≤‡∏¢‡∏ú‡πà‡∏≤‡∏ô‡∏Å‡∏≤‡∏£‡πÄ‡∏Å‡∏ì‡∏ë‡πå‡∏ó‡∏´‡∏≤‡∏£‡πÅ‡∏•‡πâ‡∏ß ‡∏™‡∏≤‡∏°‡∏≤‡∏£‡∏ñ‡∏ó‡∏≥‡∏á‡∏≤‡∏ô‡∏ï‡πà‡∏≤‡∏á‡∏õ‡∏£‡∏∞‡πÄ‡∏ó‡∏®‡πÑ‡∏î‡πâ",50000,"‡∏ó‡∏≥‡∏á‡∏≤‡∏ô‡πÉ‡∏ô‡πÑ‡∏ã‡∏ï‡πå‡∏á‡∏≤‡∏ô‡∏ó‡∏µ‡πà‡πÄ‡∏´‡∏°‡∏∑‡∏≠‡∏á‡∏õ‡∏£‡∏∞‡πÄ‡∏ó‡∏®‡πÅ‡∏ã‡∏°‡πÄ‡∏ö‡∏µ‡∏¢‡∏ï‡∏≤‡∏°‡∏ï‡∏≥‡πÅ‡∏´‡∏ô‡πà‡∏á‡∏ó‡∏µ‡πà‡∏õ‡∏£‡∏∞‡∏Å‡∏≤‡∏®‡∏£‡∏±‡∏ö‡∏™‡∏°‡∏±‡∏Ñ‡∏£",3685008894849869,3,5,3,2020-06-16 12:46:44,2020-06-16 12:46:44,2020-06-16 12:46:44,FALSE,"‡πÅ‡∏ã‡∏°‡πÄ‡∏ö‡∏µ‡∏¢ ‡πÅ‡∏≠‡∏ü‡∏£‡∏¥‡∏Å‡∏≤",592056.136628342,8547901.98999491,35,"L",NA,NA
"12",68,"‡∏û‡∏ô‡∏±‡∏Å‡∏á‡∏≤‡∏ô‡∏Ç‡∏≤‡∏¢",10,21,30,"-","- ‡∏°‡∏µ‡πÉ‡∏ö‡∏Ç‡∏±‡∏ö‡∏Ç‡∏µ‡πà‡∏£‡∏ñ‡∏¢‡∏ô‡∏ï‡πå
- ‡∏ú‡πà‡∏≤‡∏ô‡∏Å‡∏≤‡∏£‡πÄ‡∏Å‡∏ì‡∏ë‡πå‡∏ó‡∏´‡∏≤‡∏£",20000,"‡∏Ñ‡πà‡∏∞",2810566689055738,3,4,0,2020-06-16 13:53:05,2020-06-16 13:54:19,2020-06-16 13:53:05,FALSE,"112/3 ‡∏´‡∏°‡∏π‡πà 7 ‡∏ï.‡∏ö‡∏≤‡∏á‡πÇ‡∏â‡∏•‡∏á ‡∏≠.‡∏ö‡∏≤‡∏á‡∏û‡∏•‡∏µ ‡∏à.‡∏™‡∏°‡∏∏‡∏ó‡∏£‡∏õ‡∏£‡∏≤‡∏Å‡∏≤‡∏£ 10540",272040.540058759,1288870.04739106,48,"P",NA,NA
"13",37,"‡∏û‡∏ô‡∏±‡∏Å‡∏á‡∏≤‡∏ô‡∏Ç‡∏±‡∏ö‡∏£‡∏ñ‡∏™‡πà‡∏á‡∏Ç‡∏≠‡∏á",1,18,50,"-","‡∏°‡∏µ‡πÉ‡∏ö‡∏Ç‡∏±‡∏ö‡∏Ç‡∏µ‡πà",10300,"‡∏Ç‡∏±‡∏ö‡∏£‡∏ñ‡∏™‡πà‡∏á‡∏Ç‡∏≠‡∏á‡∏†‡∏≤‡∏¢‡πÉ‡∏ô‡πÄ‡∏Ç‡∏ï‡∏Å‡∏£‡∏∏‡∏á‡πÄ‡∏ó‡∏û‡πÅ‡∏•‡∏∞‡∏ï‡πà‡∏≤‡∏á‡∏à‡∏±‡∏á‡∏´‡∏ß‡∏±‡∏î (‡πÑ‡∏°‡πà‡∏°‡∏µ‡∏Ç‡∏±‡∏ö‡∏Ç‡πâ‡∏≤‡∏°‡∏Ñ‡∏∑‡∏ô)",2911962935568829,3,0,0,2020-05-29 14:21:22,2020-05-30 13:32:04,2020-05-29 14:21:22,FALSE,"‡∏ö‡∏≤‡∏á‡∏ö‡∏≠‡∏ô",651327.757748643,1510472.90573871,47,"P",0,FALSE
"14",18,"‡πÅ‡∏Ñ‡∏ä‡πÄ‡∏ä‡∏µ‡∏¢‡∏£‡πå‡∏£‡πâ‡∏≤‡∏ô‡∏≠‡∏≤‡∏´‡∏≤‡∏£",1,25,40,"-","‡∏ñ‡πâ‡∏≤‡∏™‡∏∑‡πà‡∏≠‡∏™‡∏≤‡∏£‡∏†‡∏≤‡∏©‡∏≤‡∏≠‡∏±‡∏á‡∏Å‡∏§‡∏©‡∏Å‡∏±‡∏ö‡∏•‡∏π‡∏Å‡∏Ñ‡πâ‡∏≤‡πÑ‡∏î‡πâ‡∏à‡∏∞‡∏û‡∏¥‡∏à‡∏≤‡∏£‡∏ì‡∏≤‡πÄ‡∏õ‡πá‡∏ô‡∏û‡∏¥‡πÄ‡∏®‡∏©",12000,"‡∏£‡∏±‡∏ö‡∏≠‡∏≠‡πÄ‡∏î‡∏≠‡∏£‡πå‡∏•‡∏π‡∏Å‡∏Ñ‡πâ‡∏≤
‡∏•‡∏á‡∏≠‡∏≠‡πÄ‡∏î‡∏≠‡∏£‡πå‡πÉ‡∏ô‡∏Ñ‡∏≠‡∏°
‡∏™‡∏£‡∏∏‡∏õ‡∏¢‡∏≠‡∏î‡∏Ç‡∏≤‡∏¢ ‡∏£‡∏≤‡∏¢‡∏à‡πà‡∏≤‡∏¢‡πÅ‡∏ï‡πà‡∏•‡∏∞‡∏ß‡∏±‡∏ô",2957428040977436,2,2,1,2020-05-29 14:21:22,2020-05-29 14:21:22,2020-05-29 14:21:22,FALSE,"‡∏ã‡∏≠‡∏¢‡∏ô‡∏£‡∏≤‡∏ò‡∏¥‡∏ß‡∏≤‡∏™ 3",665516.288539663,1517750.76331251,47,"P",0,FALSE
"15",12,"‡∏Ñ‡∏ô‡∏á‡∏≤‡∏ô‡πÅ‡∏û‡πá‡∏Ñ‡∏Ç‡∏≠‡∏á",2,18,28,"-","‡∏Ç‡∏±‡∏ö‡∏£‡∏ñ‡∏°‡∏≠‡πÑ‡∏ã‡∏ï‡πå‡πÑ‡∏î‡πâ",12000,"‡πÄ‡∏õ‡πá‡∏ô‡∏á‡∏≤‡∏ô‡πÅ‡∏û‡πá‡∏Ñ‡∏Ç‡∏≠‡∏á‡∏≠‡∏≠‡πÄ‡∏î‡∏≠‡∏£‡πå‡∏≠‡∏≠‡∏ô‡πÑ‡∏•‡∏ô‡πå ‡πÉ‡∏ä‡πâ‡∏Ñ‡∏≠‡∏°‡∏û‡∏¥‡∏ß‡πÄ‡∏ï‡∏≠‡∏£‡πå‡πÄ‡∏õ‡πá‡∏ô‡∏à‡∏∞‡∏î‡∏µ‡∏°‡∏≤‡∏Å‡πÄ‡∏û‡∏£‡∏≤‡∏∞‡∏ï‡πâ‡∏≠‡∏á‡∏Ñ‡∏µ‡∏¢‡πå‡∏≠‡∏≠‡πÄ‡∏î‡∏≠‡∏£‡πå‡∏î‡πâ‡∏ß‡∏¢‡∏Ñ‡πà‡∏∞",3431394170215089,2,2,1,2020-05-29 14:21:22,2020-05-29 14:21:22,2020-05-29 14:21:22,FALSE,"‡πÄ‡∏£‡∏ß‡∏î‡∏µ68 ‡∏ô‡∏ô‡∏ó‡∏ö‡∏∏‡∏£‡∏µ",661745.7526952,1532540.53524085,47,"P",0,FALSE
"16",27,"‡∏ú‡∏π‡πâ‡∏à‡∏±‡∏î‡∏Å‡∏≤‡∏£‚Äã",2,30,45,"‡∏ö‡∏±‡∏ç‡∏ä‡∏µ","‡∏ï‡πâ‡∏≠‡∏á‡∏°‡∏µ‡∏Ñ‡∏∏‡∏ì‡∏™‡∏°‡∏ö‡∏±‡∏ï‡∏¥‡∏≠‡∏∞‡πÑ‡∏£‡∏û‡∏¥‡πÄ‡∏®‡∏©‡∏ö‡πâ‡∏≤‡∏á‡∏´‡∏£‡∏∑‡∏≠‡πÄ‡∏õ‡∏•‡πà‡∏≤‡∏à‡πä‡∏∞
‡πÄ‡∏ä‡πà‡∏ô 
- ‡∏°‡∏µ‡πÉ‡∏ö‡∏Ç‡∏±‡∏ö‡∏Ç‡∏µ‡πà‡πÑ‡∏´‡∏°? 
- ‡∏°‡∏µ‡∏ó‡∏±‡∏Å‡∏©‡∏∞‡∏î‡πâ‡∏≤‡∏ô‡∏†‡∏≤‡∏©‡∏≤‡πÉ‡∏î ‡πÜ ‡πÄ‡∏õ‡πá‡∏ô‡∏û‡∏¥‡πÄ‡∏®‡∏©‡πÑ‡∏´‡∏°?
- ‡∏ï‡πâ‡∏≠‡∏á‡πÄ‡∏Ñ‡∏¢‡∏ú‡πà‡∏≤‡∏ô‡∏Å‡∏≤‡∏£‡πÄ‡∏Å‡∏ì‡∏ë‡πå‡∏ó‡∏´‡∏≤‡∏£ ‡∏´‡∏£‡∏∑‡∏≠‡∏û‡πâ‡∏ô‡∏†‡∏≤‡∏£‡∏∞‡∏ó‡∏≤‡∏á‡∏ó‡∏´‡∏≤‡∏£‡πÅ‡∏•‡πâ‡∏ß‡∏´‡∏£‡∏∑‡∏≠‡πÄ‡∏õ‡∏•‡πà‡∏≤?",25000,"‡∏£‡∏≤‡∏¢‡∏•‡∏∞‡πÄ‡∏≠‡∏µ‡∏¢‡∏î‡∏á‡∏≤‡∏ô‡πÄ‡∏õ‡πá‡∏ô‡∏¢‡∏±‡∏á‡πÑ‡∏á‡∏ö‡πâ‡∏≤‡∏á‡∏à‡πä‡∏∞ üìÉ

(‡πÄ‡∏ô‡∏∑‡πâ‡∏≠‡∏´‡∏≤‡∏™‡πà‡∏ß‡∏ô‡∏ô‡∏µ‡πâ‡∏à‡∏∞‡∏ñ‡∏π‡∏Å‡∏™‡πà‡∏á‡πÉ‡∏´‡πâ‡∏Å‡∏±‡∏ö‡∏Ñ‡∏ô‡∏´‡∏≤‡∏á‡∏≤‡∏ô ‡πÄ‡∏û‡∏∑‡πà‡∏≠‡∏û‡∏¥‡∏à‡∏≤‡∏£‡∏ì‡∏≤‡∏õ‡∏£‡∏∞‡∏Å‡∏≠‡∏ö‡∏Å‡∏≤‡∏£‡∏™‡∏°‡∏±‡∏Ñ‡∏£)",2877994885569345,1,5,3,2020-05-29 14:21:22,2020-05-29 21:09:06,2020-05-29 14:21:22,FALSE,"‡∏Ñ‡∏•‡∏≠‡∏á‡πÄ‡∏ï‡∏¢",669464.142598149,1517189.76300664,47,"P",0,FALSE
"17",44,"Technical Lead",1,28,60,"‡∏ß‡∏¥‡∏®‡∏ß‡∏Å‡∏£‡∏£‡∏°","GoLang, ReactJS, JavaScript",0,"Responsibilities:
- Design, develop, test, deploy, maintain, and improve platform and infrastructure to serve client-side applications
- Owns a product, manage individual project priorities, deadlines, and deliverables
- Lead, mentor, and develop development resources and provide product-related directions
- Work with the executives to define software requirements and take lead on design, operations, and technical implementation
- Estimate time to accomplish programming tasks and commit to meeting all objectives
- Code review and contribute to design patterns and coding standards while being a mentor to other peers
- Participate in brainstorming sessions and contribute innovative and original ideas to company technology, algorithms, and products
- Generate wireframes, architecture design, and technical documents for projects
- Collaborate with internal and external stakeholders such as Product Manager, Business Development Manager, clients, and partners
- Creates and implement a short and long-term strategy in terms of technological growth, including identifying emerging technologies to continuously enhance current products and services

Minimum Qualifications:
- 5+ years of relevant work experience
- Able to act as a lead developer responsible for the planning, completion, and coordination of work activity for the products involving the team of developers
- Experience with one or more general programming languages (e.g. Golang, Python, Node.js, Javascript, React.js, C/C++, Java)
- Familiarity with a relevant and globally supported framework - both front-end and back-end
- Experience in building applications from scratch and decomposing applications into smaller services or modules
- Experience designing, building, and deploying scalable cloud-based solution architectures (e.g. GCP, AWS, Azure, IBM Cloud)
- Experience in building RESTful API from scratch
- Flexible and able to multitask; can work within an ambiguous, fast-moving environment, while also driving toward clarity and solutions; demonstrated resourcefulness in setting priorities
- Experience with agile software development 


Preferred qualifications:
- 2+ years of relevant experience as a team lead
Good command in English; spoken and written
- Experience with one or more of the following areas: Server Backend Distributed and Parallel Systems, Full Stack Development (frontend and backend), Scalable Enterprise Platforms and Applications, Data processing pipeline infrastructure, Blockchain Technology
- Strong fundamentals (OOP, algorithms and data structure)
- Experience in implementing testing platforms and unit tests
- Ability to design a scalable API and messaging service
Experience with basic scripting and automation tasks
- Working knowledge of using a distributed version control system within a team environment (preferably Git)

Related Technology: JavaScript, React.js, Golang, AWS (e.g. QLDB, S3), GCP, Firebase, Blockchain, Elasticsearch, Docker, SQL, Node.js, Python, Restful API",3345025382188439,3,5,6,2020-05-29 17:17:56,2020-05-29 17:17:56,2020-05-29 17:17:56,FALSE,"‡∏ö‡∏£‡∏£‡∏ó‡∏±‡∏î‡∏ó‡∏≠‡∏á",664709.144229992,1520090.79097121,47,"P",0,FALSE
"18",11,"‡∏ô‡∏≠‡∏ô‡∏Å‡∏±‡∏ô",5,50,20,"‡∏ô‡∏≠‡∏ô‡∏™‡∏ö‡∏≤‡∏¢ ‡πÜ","-",8000,"‡∏ô‡∏≠‡∏ô‡∏¢‡∏≤‡∏ß ‡πÜ",2774668809328554,1,NA,5,2020-05-29 14:21:22,2020-06-03 11:25:39,2020-05-29 14:21:22,FALSE,"‡∏ö‡∏≤‡∏á‡∏°‡∏î",661472.502144311,1509446.15559089,47,"P",0,FALSE
"19",45,"‡∏ß‡∏¥‡∏®‡∏ß‡∏∞‡∏Å‡∏£",3,22,25,"‡πÇ‡∏ó‡∏£‡∏Ñ‡∏° ‡πÑ‡∏ü‡∏ü‡πâ‡∏≤ ‡∏≠‡∏¥‡πÄ‡∏•‡πá‡∏Å‡∏ó‡∏£‡∏≠‡∏ô‡∏¥‡∏Å‡∏™‡πå ‡∏Ñ‡∏≠‡∏°‡∏û‡∏¥‡∏ß‡πÄ‡∏ï‡∏≠‡∏£‡πå","‡∏Ç‡∏±‡∏ö‡∏£‡∏ñ‡πÑ‡∏î‡πâ ‡∏°‡∏µ‡πÉ‡∏ö‡∏Ç‡∏±‡∏ö‡∏Ç‡∏µ‡πà",15000,"‡∏ó‡∏≥‡∏á‡∏≤‡∏ô‡∏Ç‡∏¢‡∏≤‡∏¢‡∏™‡∏±‡∏ç‡∏ç‡∏≤‡∏ì‡πÇ‡∏ó‡∏£‡∏®‡∏±‡∏û‡∏ó‡πå‡∏°‡∏∑‡∏≠‡∏ñ‡∏∑‡∏≠",3039811822706696,1,5,0,2020-05-29 19:41:41,2020-05-30 20:11:47,2020-05-29 19:41:41,FALSE,"‡∏™‡∏≥‡∏ô‡∏±‡∏Å‡∏á‡∏≤‡∏ô‡πÉ‡∏´‡∏ç‡πà‡∏≠‡∏¢‡∏π‡πà ‡∏ö‡∏≤‡∏á‡∏ö‡∏±‡∏ß‡∏ó‡∏≠‡∏á ‡∏ô‡∏ô‡∏ó‡∏ö‡∏∏‡∏£‡∏µ",654381.296428507,1534358.68881732,47,"P",0,FALSE
"20",46,"‡∏ö‡∏≤‡∏£‡∏¥‡∏™‡∏ï‡πâ‡∏≤‡∏£‡πâ‡∏≤‡∏ô‡∏Å‡∏≤‡πÅ‡∏ü",3,16,40,"-","‡∏ñ‡πâ‡∏≤‡∏°‡∏µ‡∏õ‡∏£‡∏∞‡∏™‡∏ö‡∏Å‡∏≤‡∏£‡∏ì‡πå‡∏ó‡∏≥‡∏á‡∏≤‡∏ô‡πÉ‡∏ô‡∏£‡πâ‡∏≤‡∏ô‡∏Å‡∏≤‡πÅ‡∏ü‡∏°‡∏≤‡∏Å‡πà‡∏≠‡∏ô‡∏à‡∏∞‡πÑ‡∏î‡πâ‡∏£‡∏±‡∏ö‡∏Å‡∏≤‡∏£‡∏û‡∏¥‡∏à‡∏≤‡∏£‡∏ì‡∏≤‡πÄ‡∏õ‡πá‡∏ô‡∏û‡∏¥‡πÄ‡∏®‡∏©",10000,"‡∏ó‡∏≥‡∏´‡∏ô‡πâ‡∏≤‡∏ó‡∏µ‡πà‡∏ä‡∏á‡∏Å‡∏≤‡πÅ‡∏ü ‡πÅ‡∏•‡∏∞‡πÄ‡∏Ñ‡∏£‡∏∑‡πà‡∏≠‡∏á‡∏î‡∏∑‡πà‡∏° ‡∏Ç‡∏≤‡∏¢‡∏Ç‡∏ô‡∏° ‡∏£‡∏±‡∏ö‡πÄ‡∏á‡∏¥‡∏ô ‡πÄ‡∏Å‡πá‡∏ö‡πÄ‡∏á‡∏¥‡∏ô ‡πÄ‡∏ä‡∏Ñ‡∏Ñ‡∏•‡∏±‡∏á‡∏ß‡∏±‡∏ï‡∏ñ‡∏∏‡∏î‡∏¥‡∏ö ‡∏ó‡∏≥‡∏Ñ‡∏ß‡∏≤‡∏°‡∏™‡∏∞‡∏≠‡∏≤‡∏î‡∏ï‡∏≠‡∏ô‡∏õ‡∏¥‡∏î‡∏£‡πâ‡∏≤‡∏ô‡∏™‡∏¥‡πâ‡∏ô‡∏ß‡∏±‡∏ô",3261159337249442,3,2,0,2020-05-29 21:50:52,2020-05-31 09:54:22,2020-05-29 21:50:52,FALSE,"‡πÉ‡∏ï‡πâ‡∏≠‡∏≤‡∏Ñ‡∏≤‡∏£‡∏™‡∏≥‡∏ô‡∏±‡∏Å‡∏á‡∏≤‡∏ô ‡∏≠‡∏≤‡∏Ñ‡∏≤‡∏£‡∏™‡∏£‡∏£‡∏†‡∏≤‡∏Å‡∏£‡πÄ‡∏Ç‡∏ï‡∏ß‡∏±‡∏á‡∏ó‡∏≠‡∏á‡∏´‡∏•‡∏≤‡∏á  
‡πÄ‡∏•‡∏Ç‡∏ó‡∏µ‡πà 27 ‡∏ã‡∏≠‡∏¢‡∏•‡∏≤‡∏î‡∏û‡∏£‡πâ‡∏≤‡∏ß 124 ‡πÅ‡∏Ç‡∏ß‡∏á‡∏û‡∏•‡∏±‡∏ö‡∏û‡∏•‡∏≤ ‡πÄ‡∏Ç‡∏ï‡∏ß‡∏±‡∏á‡∏ó‡∏≠‡∏á‡∏´‡∏•‡∏≤‡∏á ‡∏Å‡∏ó‡∏°10310",675706.023543268,1523416.13385499,47,"P",0,FALSE
"21",58,".Net Developer",1,23,35,"IT, Computer Science","C#, ASP.Net (MVC and Core), Web API, Restful API, Javascript, CSS (Bootstrap).",35000,"- Develops, modifies application software according to specifications and requirements.
- Develops application software in designated languages and tools.
- Tests and debugs the developed application software.
- Maintains the latest application software and related documents in the support library.
- Performs support and deploy application software in development, staging, and production environment.
Supports maintenance of application software in the production environment of internal clients and customers.",4002209396515640,3,5,3,2020-06-08 11:31:46,2020-06-08 11:31:46,2020-06-08 11:31:46,FALSE,"12/1 ‡∏ñ‡∏ô‡∏ô‡∏î‡∏¥‡∏ô‡πÅ‡∏î‡∏á ‡πÅ‡∏Ç‡∏ß‡∏á‡∏î‡∏¥‡∏ô‡πÅ‡∏î‡∏á ‡πÄ‡∏Ç‡∏ï‡∏î‡∏¥‡∏ô‡πÅ‡∏î‡∏á ‡∏Å‡∏£‡∏∏‡∏á‡πÄ‡∏ó‡∏û‡∏°‡∏´‡∏≤‡∏ô‡∏Ñ‡∏£ 10400",667048.745501668,1521913.73766173,47,"P",NA,NA
"22",57,"‡∏ú‡∏π‡πâ‡∏à‡∏±‡∏î‡∏Å‡∏≤‡∏£‡∏£‡πâ‡∏≤‡∏ô‡∏Ñ‡πâ‡∏≤‡∏õ‡∏•‡∏µ‡∏Å",2,40,50,"-","‡πÑ‡∏°‡πà‡∏°‡∏µ‡∏Ñ‡∏£‡∏±‡∏ö",75000,"‡∏Ñ‡∏£‡∏±‡∏ö",3208234619238062,3,5,5,2020-06-08 10:24:14,2020-06-08 10:24:14,2020-06-08 10:24:14,FALSE,"‡∏£‡∏±‡∏ï‡∏ô‡∏≤‡∏ò‡∏¥‡πÄ‡∏ö‡∏ï‡∏£‡πå",661411.351563955,1530798.65381307,47,"P",NA,NA
"23",48,"Admin‚Äã Officer
‡∏á‡∏≤‡∏ô‡∏ò‡∏∏‡∏£‡∏Å‡∏≤‡∏£‚Äã‡∏ó‡∏±‡πà‡∏ß‡πÑ‡∏õ‚Äã

‡∏ñ‡πâ‡∏≤‡∏°‡∏µ‡∏õ‡∏£‡∏∞‡∏™‡∏ö‡∏Å‡∏≤‡∏£‡∏ì‡πå‚Äã‡∏î‡πâ‡∏≤‡∏ô‡∏ö‡∏±‡∏ç‡∏ä‡∏µ‡πÄ‡∏ö‡∏∑‡πâ‡∏≠‡∏á‡∏ï‡πâ‡∏ô‡∏à‡∏∞‡∏û‡∏¥‡∏à‡∏£‡∏ì‡∏≤‡πÄ‡∏õ‡πá‡∏ô‡∏û‡∏¥‡πÄ‡∏®‡∏©",1,24,35,"-","‡πÉ‡∏ä‡πâ‡∏Ñ‡∏≠‡∏°‡∏û‡∏¥‡∏ß‡πÄ‡∏ï‡∏≠‡∏£‡πå‚Äã‡πÑ‡∏î‡πâ‡∏Ñ‡∏•‡πà‡∏≠‡∏á‡πÅ‡∏Ñ‡∏•‡πà‡∏ß
‡∏´‡∏≤‡∏Å‡∏°‡∏µ‡∏õ‡∏£‡∏∞‡∏™‡∏ö‡∏Å‡∏≤‡∏£‡∏ì‡πå‚Äã‡∏î‡πâ‡∏≤‡∏ô‡∏ö‡∏±‡∏ç‡∏ä‡∏µ‡πÄ‡∏ö‡∏∑‡πâ‡∏≠‡∏á‡∏ï‡πâ‡∏ô‡∏à‡∏∞‡∏û‡∏¥‡∏à‡∏£‡∏ì‡∏≤‚Äã‡πÄ‡∏õ‡πá‡∏ô‡∏û‡∏¥‡πÄ‡∏®‡∏©",12000,"‡∏á‡∏≤‡∏ô‡∏ò‡∏∏‡∏£‡∏Å‡∏≤‡∏£‡∏ó‡∏±‡πà‡∏ß‡πÑ‡∏õ
‡∏õ‡∏£‡∏∞‡∏™‡∏≤‡∏ô‡∏á‡∏≤‡∏ô
‡∏û‡∏¥‡∏°‡∏û‡πå‚Äã‡∏£‡∏≤‡∏¢‡∏á‡∏≤‡∏ô
‡∏ú‡∏π‡πâ‡∏ä‡πà‡∏ß‡∏¢‡∏Å‡∏£‡∏£‡∏°‡∏Å‡∏≤‡∏£‡∏ú‡∏π‡πâ‡∏à‡∏±‡∏î‡∏Å‡∏≤‡∏£
‡∏î‡∏π‡πÅ‡∏•‡∏á‡∏≤‡∏ô‡∏î‡πâ‡∏≤‡∏ô‡∏ö‡∏∏‡∏Ñ‡∏Ñ‡∏•‡πÅ‡∏•‡∏∞‡∏ö‡∏±‡∏ç‡∏ä‡∏µ‡∏ö‡∏≤‡∏á‡∏™‡πà‡∏ß‡∏ô",2972633659491021,2,4,0,2020-05-29 23:45:22,2020-05-31 09:12:19,2020-05-29 23:45:22,FALSE,"‡∏ã‡∏≠‡∏¢‚Äã ‡∏á‡∏≤‡∏°‡∏ß‡∏á‡∏Ñ‡πå‡∏ß‡∏≤‡∏ô‚Äã 4",665310.514996455,1532407.88276144,47,"P",0,FALSE
"24",49,"Junior Engineer 
‡∏ú‡∏π‡πâ‡∏ä‡πà‡∏ß‡∏¢‡∏ß‡∏¥‡∏®‡∏ß‡∏Å‡∏£ ‡∏Ñ‡∏∏‡∏°‡∏á‡∏≤‡∏ô‡∏Å‡πà‡∏≠‡∏™‡∏£‡πâ‡∏≤‡∏á",2,22,30,"-","‡∏ú‡πà‡∏≤‡∏ô‡πÄ‡∏Å‡∏ì‡∏ë‡πå‡∏ó‡∏´‡∏≤‡∏£
‡∏°‡∏µ‡πÉ‡∏ö‡∏Ç‡∏±‡∏ö‡∏Ç‡∏µ‡πà",15000,"‡∏î‡∏π‡πÅ‡∏•‡πÅ‡∏•‡∏∞‡∏£‡∏≤‡∏¢‡∏á‡∏≤‡∏ô‡∏á‡∏≤‡∏ô‡∏Å‡πà‡∏≠‡∏™‡∏£‡πâ‡∏≤‡∏á
‡∏õ‡∏£‡∏∞‡∏™‡∏≤‡∏ô‡∏á‡∏≤‡∏ô‡∏£‡∏∞‡∏´‡∏ß‡πà‡∏≤‡∏á‡πÇ‡∏Ñ‡∏£‡∏á‡∏Å‡∏≤‡∏£‡∏Å‡∏±‡∏ösuppliers 
‡∏ï‡∏¥‡∏î‡∏ï‡πà‡∏≠‡∏õ‡∏£‡∏∞‡∏™‡∏≤‡∏ô‡∏á‡∏≤‡∏ô‡∏†‡∏≤‡∏¢‡πÉ‡∏ô‡∏≠‡∏á‡∏Ñ‡πå‡∏Å‡∏£",3567390386621641,1,4,0,2020-05-30 00:11:00,2020-05-31 09:11:58,2020-05-30 00:11:00,FALSE,"‡∏£‡∏≤‡∏©‡∏è‡∏£‡πå‡∏ö‡∏π‡∏£‡∏ì‡∏∞",663179.656487127,1511906.40250797,47,"P",0,FALSE
"25",50,"‡∏û‡∏ô‡∏±‡∏Å‡∏á‡∏≤‡∏ô‡∏Ç‡∏≤‡∏¢‡πÄ‡∏Ñ‡∏°‡∏µ‡∏≠‡∏≤‡∏´‡∏≤‡∏£",1,25,45,"Food science","‡∏°‡∏µ‡πÉ‡∏ö‡∏Ç‡∏±‡∏ö‡∏Ç‡∏µ‡πà
‡∏†‡∏≤‡∏©‡∏≤‡∏≠‡∏±‡∏á‡∏Å‡∏§‡∏©‡∏û‡∏≠‡πÑ‡∏î‡πâ
‡∏û‡πâ‡∏ô‡∏†‡∏≤‡∏£‡∏∞‡∏ó‡∏≤‡∏á‡∏Å‡∏≤‡∏£‡∏ó‡∏´‡∏≤‡∏£
‡∏°‡∏µ‡∏õ‡∏£‡∏∞‡∏™‡∏ö‡∏Å‡∏≤‡∏£‡∏ì‡πåRD",22000,"‡∏û‡∏ô‡∏±‡∏Å‡∏á‡∏≤‡∏ô‡∏Ç‡∏≤‡∏¢‡∏ß‡∏±‡∏ï‡∏ñ‡∏∏‡∏î‡∏¥‡∏ö‡∏ó‡∏≤‡∏á‡∏î‡πâ‡∏≤‡∏ô‡∏≠‡∏≤‡∏´‡∏≤‡∏£‡πÅ‡∏•‡∏∞‡∏≠‡∏≤‡∏´‡∏≤‡∏£‡πÄ‡∏™‡∏£‡∏¥‡∏°",3237237426314777,3,5,1,2020-05-30 00:27:49,2020-05-30 00:29:41,2020-05-30 00:27:49,FALSE,"‡∏™‡∏µ‡∏•‡∏° ‡∏ö‡∏≤‡∏á‡∏£‡∏±‡∏Å",665090.67901909,1517923.61943038,47,"P",0,FALSE
"26",53,"‡∏Å‡∏£‡∏≤‡∏ü‡∏¥‡∏Å‡∏î‡∏µ‡πÑ‡∏ã‡πÄ‡∏ô‡∏≠‡∏£‡πå",1,30,40,"-","‡πÑ‡∏°‡πà‡∏°‡∏µ‡∏à‡πâ‡∏≤",17000,"‡∏ï‡∏¥‡∏î‡∏ï‡πà‡∏≠‡∏™‡∏≠‡∏ö‡∏ñ‡∏≤‡∏°‡πÑ‡∏î‡πâ‡∏ó‡∏µ‡πà‚Äã hr@rdbox.co ‡πÄ‡∏•‡∏¢‡∏à‡πâ‡∏≤",2984695164953810,3,5,3,2020-05-30 16:30:00,2020-05-30 16:30:00,2020-05-30 16:30:00,FALSE,"‡∏ñ‡∏ô‡∏ô‡∏£‡∏≤‡∏ä‡∏û‡∏§‡∏Å‡∏©‡πå‚Äã ‡∏ô‡∏ô‡∏ó‡∏ö‡∏∏‡∏£‡∏µ",656936.849597957,1539694.40107177,47,"P",0,FALSE
"27",41,"TRADE PLAN ANALYST EXECUTIVE ‡πÄ‡∏à‡πâ‡∏≤‡∏´‡∏ô‡πâ‡∏≤‡∏ó‡∏µ‡πà‡∏ù‡πà‡∏≤‡∏¢‡∏ß‡∏¥‡πÄ‡∏Ñ‡∏£‡∏≤‡∏∞‡∏´‡πå‡∏Ç‡πâ‡∏≠‡∏°‡∏π‡∏•",2,25,35,"-","‡∏ó‡∏±‡∏Å‡∏©‡∏∞‡∏î‡πâ‡∏≤‡∏ô data analysis",18000,"The officer of Analytics leads the data analytics for Online Business and oversees the activities of the e-commerce platforms within the business. In this role, the officer of Analytics ensures that the business within the team understands its own health, finds growth levers, and identifies opportunities for optimization, leads the business through all efforts that drive business performance and potential by using the existent and new data sources and techniques.
Responsibility:
‚Ä¢ Providing analytical support to e-commerce team in order to support the future trade activities to achieve company‚Äôs target.
‚Ä¢ Drive breakthrough channels and content delivery through campaigns with deep insights and target relevance
‚Ä¢ Providing key finding and recommendation on any related trade reports such as sales performance
‚Ä¢ Providing accurate reports which assist the business to understand trade or any other impacts to trade performance
‚Ä¢ Oversee media channel/content strategy for e-commerce platforms in order to create brand advocacy
‚Ä¢ Work closely and directly with internal in developing contents that echo with the brand‚Äôs activities and events
‚Ä¢ Partner with external vendors (ie. Lazada, Shopee) to develop joint-activities and drive sales
‚Ä¢ Collect insights through monitoring current trend and competitor activities on their platforms
‚Ä¢ Analyze data trends and the company performance, develop solid strategic digital media plans
‚Ä¢ Responsible for planning and budgetary control of all media budget
Qualifications:
‚Ä¢ Bachelor‚Äôs degree or higher in any related fields.
‚Ä¢ Microsoft office especially Microsoft Excel (Macro) applications to automate and simplify data analysis
‚Ä¢ Demonstrate ability to analyze and interpret needs, and present concepts and requirements, either verbally or in
written format
‚Ä¢ Solid knowledge of e-commerce analytics tools (ie. Lazada/Shopee analytics)
‚Ä¢ Project management skills
‚Ä¢ Ability to work a flexible schedule, embrace change enthusiastically, while working on multiple projects
‚Ä¢ Excellent written and oral communication skills
‚Ä¢ Data Analysis and Report
‚Ä¢ Having experiences in translating large amount of complex data into simple/relevant reports with accuracy.
‚Ä¢ Having experiences in Trade Planning and Analysis would be preferable",3605008796181013,3,5,0,2020-05-29 14:56:05,2020-05-30 15:30:50,2020-05-29 14:56:05,FALSE,"‡∏ô‡∏ß‡∏•‡∏à‡∏±‡∏ô‡∏ó‡∏£‡πå ‡∏Å‡∏ó‡∏°",676244.225079951,1529451.75399547,47,"P",0,FALSE
"28",56,"‡∏ï‡∏≥‡πÅ‡∏´‡∏ô‡πà‡∏á : Senior Accounting and Audit",1,25,35,"‡∏ö‡∏±‡∏ç‡∏ä‡∏µ ‡∏´‡∏£‡∏∑‡∏≠ ‡πÄ‡∏Å‡∏µ‡πà‡∏¢‡∏ß‡∏Ç‡πâ‡∏≠‡∏á ‡∏Å‡πá‡πÑ‡∏î‡πâ‡∏Ñ‡∏£‡∏±‡∏ö","‡∏ñ‡πâ‡∏≤‡πÄ‡∏Ñ‡∏¢‡∏ú‡πà‡∏≤‡∏ô‡∏á‡∏≤‡∏ô ‡∏™‡∏≥‡∏ô‡∏±‡∏Å‡∏á‡∏≤‡∏ô‡∏ö‡∏±‡∏ç‡∏ä‡∏µ‡∏°‡∏≤ ‡∏à‡∏∞‡∏û‡∏¥‡∏à‡∏≤‡∏£‡∏ì‡∏≤‡πÄ‡∏õ‡∏ô‡∏û‡∏¥‡πÄ‡∏®‡∏© ‡∏Ñ‡∏£‡∏±‡∏ö",23000,"‡∏´‡∏ô‡πâ‡∏≤‡∏ó‡∏µ‡πà‡∏Ñ‡∏ß‡∏≤‡∏°‡∏£‡∏±‡∏ö‡∏ú‡∏¥‡∏î‡∏ä‡∏≠‡∏ö
- ‡∏ï‡∏£‡∏ß‡∏à‡∏™‡∏≠‡∏ö‡∏Å‡∏≤‡∏£‡∏ö‡∏±‡∏ô‡∏ó‡∏∂‡∏Å‡∏Ç‡πâ‡∏≠‡∏°‡∏π‡∏• ‡∏Ç‡∏≠‡∏á‡∏ö‡∏£‡∏¥‡∏©‡∏±‡∏ó‡πÉ‡∏ô‡πÄ‡∏Ñ‡∏£‡∏∑‡∏≠
- ‡∏ö‡∏±‡∏ô‡∏ó‡∏∂‡∏Å‡∏ö‡∏±‡∏ç‡∏ä‡∏µ ‡πÉ‡∏ô‡∏™‡πà‡∏ß‡∏ô‡∏á‡∏≤‡∏ô‡∏Å‡∏•‡∏≤‡∏á
- ‡∏à‡∏±‡∏î‡∏ó‡∏≥‡∏£‡∏≤‡∏¢‡∏á‡∏≤‡∏ô‡∏™‡∏£‡∏∏‡∏õ ‡πÉ‡∏´‡πâ‡∏ú‡∏π‡πâ‡∏ö‡∏£‡∏¥‡∏´‡∏≤‡∏£",4034041860002176,3,5,1,2020-06-07 23:57:08,2020-06-09 00:02:13,2020-06-07 23:57:08,FALSE,"‡∏≠‡∏≤‡∏Ñ‡∏≤‡∏£ 16/1  ‡∏ã‡∏≠‡∏¢‡∏£‡∏≤‡∏°‡∏Ñ‡∏≥‡πÅ‡∏´‡∏á 30",676752.096001927,1521985.05775891,47,"P",NA,NA
"29",16,"marketing",1,22,30,"-","‡πÄ‡∏Å‡∏ô‡∏ó‡∏´‡∏≤‡∏£‡πÅ‡∏•‡πâ‡∏ß",15000,"‡∏î‡∏π‡πÅ‡∏•‡∏ä‡πà‡∏≠‡∏á‡∏ó‡∏≤‡∏á‡∏Å‡∏≤‡∏£‡∏Ç‡∏≤‡∏¢",2410164495753828,3,5,0,2020-05-29 14:21:22,2020-05-29 14:21:22,2020-05-29 14:21:22,FALSE,"‡∏û‡∏ç‡∏≤‡πÑ‡∏ó",667028.354848832,1524018.26402851,47,"P",0,FALSE
"30",17,"‡∏à‡∏±‡∏ô‡∏ó‡∏ö‡∏∏‡∏£‡∏µ",1,17,30,"-","‡πÑ‡∏°‡πà‡∏ï‡πâ‡∏≠‡∏á‡∏°‡∏µ",8000,"‡πÄ‡∏õ‡πá‡∏ô‡∏û‡∏ô‡∏±‡∏Å‡∏á‡∏≤‡∏ô‡πÄ‡∏î‡∏¥‡∏ô‡∏´‡∏¢‡∏¥‡∏ö‡∏Ç‡∏≠‡∏á ‡∏û‡∏≠‡∏ó‡∏≥‡∏á‡∏≤‡∏ô‡∏ö‡πâ‡∏≤‡∏ô‡πÑ‡∏î‡πâ‡∏ö‡πâ‡∏≤‡∏á",2864043873709400,2,2,0,2020-05-29 14:21:22,2020-05-29 14:21:22,2020-05-29 14:21:22,FALSE,"‡∏à‡∏±‡∏ô‡∏ó‡∏ö‡∏∏‡∏£‡∏µ",185334.46517432,1395893.37616279,48,"P",0,FALSE
"31",23,"‡∏Ñ‡∏ô‡πÄ‡∏•‡∏µ‡πâ‡∏¢‡∏á‡πÑ‡∏î‡πÇ‡∏ô‡πÄ‡∏™‡∏≤‡∏£‡πå",5,12,27,"-","‡πÑ‡∏°‡πà‡∏°‡∏µ",15000,"‡πÄ‡∏¢‡πà",3249513931746133,3,7,6,2020-05-29 14:21:22,2020-05-29 14:21:22,2020-05-29 14:21:22,FALSE,"‡∏™‡∏á‡∏Ç‡∏•‡∏≤",678261.801950278,793474.707693548,47,"N",0,FALSE
"32",24,"‡∏û‡∏ô‡∏á ‡∏Ç‡∏≤‡∏¢",3,25,45,"-","‡∏û‡πâ‡∏ô‡∏†‡∏≤‡∏£‡∏∞‡∏ó‡∏≤‡∏á‡∏ó‡∏´‡∏≤‡∏£",9000,"‡πÄ‡∏á‡∏¥‡∏ô‡πÄ‡∏î‡∏∑‡∏≠‡∏ô 10-30k ‡∏ó‡∏≥‡∏á‡∏≤‡∏ô‡∏ä‡πà‡∏ß‡∏á‡∏Å‡∏•‡∏≤‡∏á‡∏Ñ‡∏∑‡∏ô‡πÑ‡∏î‡πà‡∏à‡∏∞‡∏û‡∏¥‡∏à‡∏≤‡∏£‡∏ì‡∏≤‡πÄ‡∏õ‡πá‡∏ô‡∏û‡∏¥‡πÄ‡∏®‡∏©",4667495609992569,3,0,1,2020-05-29 14:21:22,2020-05-29 14:21:22,2020-05-29 14:21:22,FALSE,"‡∏ö‡∏≤‡∏á‡πÅ‡∏Ñ",650943.953138085,1516063.57374138,47,"P",0,FALSE
"33",61,"‡∏ö‡∏≤‡∏£‡∏¥‡∏™‡∏ï‡πâ‡∏≤‡∏£‡πâ‡∏≤‡∏ô‡∏Å‡∏≤‡πÅ‡∏ü",1,22,60,"-","‡πÑ‡∏°‡πà‡∏°‡∏µ",12000,"‡πÄ‡∏õ‡πá‡∏ô‡∏á‡∏≤‡∏ô‡πÉ‡∏ô‡∏£‡πâ‡∏≤‡∏ô‡∏Å‡∏≤‡πÅ‡∏ü Bottomless Flagship Store ‡∏™‡∏ô‡∏≤‡∏°‡∏ö‡∏¥‡∏ô‡∏ô‡πâ‡∏≥‡∏Ñ‡∏£‡∏±‡∏ö",2961433163911223,3,NA,0,2020-06-09 23:26:10,2020-06-10 23:28:09,2020-06-09 23:26:10,FALSE,"‡∏™‡∏ô‡∏≤‡∏°‡∏ö‡∏¥‡∏ô‡∏ô‡πâ‡∏≥",662124.923883637,1535066.25001609,47,"P",NA,NA
"34",59,"‡πÄ‡∏à‡πâ‡∏≤‡∏´‡∏ô‡πâ‡∏≤‡∏ó‡∏µ‡πà‡∏Å‡∏≤‡∏£‡πÄ‡∏á‡∏¥‡∏ô",2,25,65,"-","-- Comprehensive knowledge of the concepts, practices and procedures relating to accounting, financial controls and financial information systems 
-- A good knowledge of Thai laws and regulations that have an impact on financial analysis and management controls 
-- Experience of working in a non-governmental organization (NGO) and an international organization 
-- Good communicating (Writing, Reading, Speaking) in English",60000,"Secretariat finance

-- Provide and clear staff advances in accordance with policies and procedures.
-- Preparing check and get it authorized
-- Maintain up to date records accounting transactions and receipts into the QuickBooks system
-- Processing the international payment/fund transfer applicationNotify the supervisor/management of any problems, concerns, feedback, or conflict of interest regarding financial matters.
-- Assure the security of finance, payroll, and accounting records.
-- Provide support to the Executive Director on matters relating to the improvement of financial systems and procedures.
-- Working with the team to help with project management and prepare for project's financial reports/audits.
-- Other tasks assigned by the supervisor
 

Reporting

-- Prepare quarterly financial report as per donor requirements, ensuring it is complete, accurate and produced on a time to ensure adequate review, approval and submission to the Project Manager.
-- Work with the project team to ensure that all donor-related information is disseminated to project, finance and logistics staff as well as partners to enable them to abide by donor rules and regulations
-- Prepare and consolidate monthly invoices and expense projections. 
-- Analyze differences between the projections and actual spending and submit adjustments as required.
-- Ensure financial reports are produced in compliance with donor policies and requirements
-- Monitor cash flow, prepare cash flow forecasts (consolidate with partners)",2970466916402988,3,5,5,2020-06-09 18:00:26,2020-06-17 00:54:14,2020-06-09 18:00:26,FALSE,"APCOM Foundation
48 Soi Udomsuk 13, Bangna Bangkok",674664.49248893,1512898.25637067,47,"P",NA,NA
"35",38,"‡∏ï‡∏≥‡πÅ‡∏´‡∏ô‡πà‡∏á ‡πÅ‡∏Ñ‡∏ä‡πÄ‡∏ä‡∏µ‡∏¢‡∏£‡πå+‡∏õ‡∏±‡πà‡∏ô‡∏ô‡πâ‡∏≥
‡∏ï‡∏≥‡πÅ‡∏´‡∏ô‡πà‡∏á ‡∏Ñ‡∏£‡∏±‡∏ß‡πÄ‡∏¢‡πá‡∏ô",1,20,40,"-","‡πÑ‡∏°‡πà‡∏°‡∏µ",9930,"‡∏ï‡∏≥‡πÅ‡∏´‡∏ô‡πà‡∏á ‡πÅ‡∏Ñ‡∏ä‡πÄ‡∏ä‡∏µ‡∏¢‡∏£‡πå+‡∏õ‡∏±‡πà‡∏ô‡∏ô‡πâ‡∏≥
- ‡∏™‡∏≤‡∏°‡∏≤‡∏£‡∏ñ‡∏õ‡∏±‡πà‡∏ô‡∏ô‡πâ‡∏≥‡∏ï‡∏≤‡∏°‡∏™‡∏π‡∏ï‡∏£‡∏ó‡∏µ‡πà‡∏£‡∏∞‡∏ö‡∏∏‡πÑ‡∏î‡πâ
- ‡∏™‡∏≤‡∏°‡∏≤‡∏£‡∏ñ‡∏Ñ‡∏¥‡∏î‡πÄ‡∏á‡∏¥‡∏ô‡πÅ‡∏•‡∏∞‡∏£‡∏±‡∏ö‡∏•‡∏π‡∏Å‡∏Ñ‡πâ‡∏≤‡πÑ‡∏î‡πâ

‡∏ï‡∏≥‡πÅ‡∏´‡∏ô‡πà‡∏á ‡∏Ñ‡∏£‡∏±‡∏ß‡πÄ‡∏¢‡πá‡∏ô
- ‡∏°‡∏µ‡∏õ‡∏£‡∏∞‡∏™‡∏ö‡∏Å‡∏≤‡∏£‡∏ì‡πå‡∏Ñ‡∏£‡∏±‡∏ß ‡πÉ‡∏ä‡πâ‡∏≠‡∏∏‡∏õ‡∏Å‡∏£‡∏ì‡πå‡∏Ñ‡∏£‡∏±‡∏ß‡πÄ‡∏õ‡πá‡∏ô",3041710945885236,2,1,1,2020-05-29 14:22:43,2020-05-30 14:48:43,2020-05-29 14:22:43,FALSE,"‡πÄ‡∏ã‡πá‡∏ô‡∏ó‡∏£‡∏±‡∏•‡∏•‡∏≤‡∏î‡∏û‡∏£‡πâ‡∏≤‡∏ß",668724.92833399,1527958.01773167,47,"P",0,FALSE
"36",19,"Digital marketing manager",1,24,35,"-","‡∏†‡∏≤‡∏©‡∏≤‡∏≠‡∏±‡∏á‡∏Å‡∏§‡∏©",20000,"‡∏î‡∏π‡πÅ‡∏• social media ‡∏Ç‡∏≠‡∏á platform ‡∏ï‡πà‡∏≤‡∏á‡πÜ‡∏Ç‡∏≠‡∏á‡∏ö‡∏£‡∏¥‡∏©‡∏±‡∏ó ‡∏à‡∏±‡∏î‡∏ï‡∏±‡πâ‡∏á‡∏ó‡∏µ‡∏° customer service ‡∏î‡∏π‡πÅ‡∏• website",3048873251845458,2,5,1,2020-05-29 14:21:22,2020-05-29 14:21:22,2020-05-29 14:21:22,FALSE,"‡∏£‡∏±‡∏ä‡∏î‡∏≤ ‡∏ã‡∏≠‡∏¢3",669149.893053405,1522037.3973799,47,"P",0,FALSE
"37",60,"‡∏ú‡∏π‡πâ‡∏à‡∏±‡∏î‡∏Å‡∏≤‡∏£‡∏ö‡∏±‡∏ç‡∏ä‡∏µ
‡∏ö‡∏±‡∏ç‡∏ä‡∏µ
‡∏Å‡∏£‡∏≤‡∏ü‡∏ü‡∏¥‡∏Ñ
‡∏ò‡∏∏‡∏£‡∏Å‡∏≤‡∏£",5,22,48,"-","‡πÑ‡∏°‡πà‡∏°‡∏µ",25000,"‡∏á‡∏≤‡∏ô‡∏ö‡∏±‡∏ç‡∏ä‡∏µ: ‡∏ú‡∏π‡πâ‡∏à‡∏±‡∏î‡∏Å‡∏≤‡∏£‡∏ö‡∏±‡∏ç‡∏ä‡∏µ ‡∏°‡∏µ‡∏õ‡∏£‡∏∞‡∏™‡∏ö‡∏Å‡∏≤‡∏£‡∏ì‡πå

‡∏Å‡∏£‡∏≤‡∏ü‡∏ü‡∏¥‡∏Ñ: ‡∏ó‡∏≥‡∏á‡∏≤‡∏ô‡∏£‡∏π‡∏õ‡πÄ‡∏û‡∏∑‡∏≠‡∏•‡∏á ‡πÄ‡∏ß‡πá‡∏ö , social",3184487498278866,3,3,1,2020-06-09 21:06:57,2020-06-09 21:06:57,2020-06-09 21:06:57,FALSE,"Pattaya Chonburi",704231.586311936,1429432.61110621,47,"P",NA,NA
"38",47,"Project Manager",2,25,40,"‡∏†‡∏≤‡∏©‡∏≤","‡∏û‡∏π‡∏î‡πÅ‡∏•‡∏∞‡πÄ‡∏Ç‡∏µ‡∏¢‡∏ô‡∏†‡∏≤‡∏©‡∏≤‡∏≠‡∏±‡∏á‡∏Å‡∏§‡∏©‡πÑ‡∏î‡πâ‡∏î‡∏µ
‡∏°‡∏µ‡∏Ñ‡∏ß‡∏≤‡∏°‡∏™‡∏≤‡∏°‡∏≤‡∏£‡∏ñ‡πÉ‡∏ô‡∏Å‡∏≤‡∏£‡∏™‡∏∑‡πà‡∏≠‡∏™‡∏≤‡∏£
‡∏Å‡∏•‡πâ‡∏≤‡πÅ‡∏™‡∏î‡∏á‡∏Ñ‡∏ß‡∏≤‡∏°‡∏Ñ‡∏¥‡∏î‡πÄ‡∏´‡πá‡∏ô",25000,"LUKKID ‡πÄ‡∏õ‡∏¥‡∏î‡∏£‡∏±‡∏ö Project Manager ‡∏´‡∏≤‡∏Å‡∏Ñ‡∏∏‡∏ì‡∏°‡∏µ‡∏Ñ‡∏∏‡∏ì‡∏™‡∏°‡∏ö‡∏±‡∏ï‡∏¥‡∏ï‡∏£‡∏á‡∏ï‡∏≤‡∏°‡∏£‡∏≤‡∏¢‡∏•‡∏∞‡πÄ‡∏≠‡∏µ‡∏¢‡∏î‡∏î‡πâ‡∏≤‡∏ô‡∏•‡πà‡∏≤‡∏á ‡πÄ‡∏£‡∏≤‡∏Ç‡∏≠‡∏à‡∏µ‡∏ö‡∏Ñ‡∏∏‡∏ì!

‡∏™‡∏ô‡πÉ‡∏à‡∏™‡πà‡∏á CV ‡πÅ‡∏•‡∏∞‡πÄ‡∏´‡∏ï‡∏∏‡∏ú‡∏•‡∏ó‡∏µ‡πà‡∏≠‡∏¢‡∏≤‡∏Å‡∏£‡πà‡∏ß‡∏°‡∏ó‡∏µ‡∏° ‡∏™‡πà‡∏á‡πÄ‡∏Ç‡πâ‡∏≤‡∏°‡∏≤‡πÑ‡∏î‡πâ‡∏ó‡∏µ‡πà contact@lukkidgroup.com 

- ‡∏î‡∏π‡πÅ‡∏•‡πÅ‡∏•‡∏∞‡∏Å‡∏≥‡∏Å‡∏±‡∏ö‡πÇ‡∏õ‡∏£‡πÄ‡∏à‡∏Ñ‡∏Ç‡∏≠‡∏á LUKKID ‡∏ó‡∏µ‡πà‡∏°‡∏µ‡∏ó‡∏±‡πâ‡∏á‡∏≠‡∏á‡∏Ñ‡πå‡∏Å‡∏£‡πÄ‡∏≠‡∏Å‡∏ä‡∏ô ‡∏≠‡∏á‡∏Ñ‡πå‡∏Å‡∏£‡∏£‡∏±‡∏ê ‡πÅ‡∏•‡∏∞‡∏≠‡∏á‡∏Ñ‡πå‡∏Å‡∏£‡∏†‡∏≤‡∏Ñ‡∏™‡∏±‡∏á‡∏Ñ‡∏°

- ‡∏£‡πà‡∏ß‡∏°‡∏≠‡∏≠‡∏Å‡πÅ‡∏ö‡∏ö‡∏õ‡∏£‡∏∞‡∏™‡∏ö‡∏Å‡∏≤‡∏£‡∏ì‡πå‡∏Å‡∏≤‡∏£‡πÄ‡∏£‡∏µ‡∏¢‡∏ô‡∏£‡∏π‡πâ‡πÉ‡∏´‡πâ‡∏Å‡∏±‡∏ö‡∏Ñ‡∏ô‡πÉ‡∏ô‡∏≠‡∏á‡∏Ñ‡πå‡∏Å‡∏£ ‡∏£‡∏ß‡∏°‡∏ñ‡∏∂‡∏á‡πÉ‡∏´‡πâ‡∏Ñ‡∏≥‡∏õ‡∏£‡∏∂‡∏Å‡∏©‡∏≤‡πÄ‡∏£‡∏∑‡πà‡∏≠‡∏á‡∏Å‡∏£‡∏∞‡∏ö‡∏ß‡∏ô‡∏Å‡∏≤‡∏£‡∏Ñ‡∏¥‡∏î‡πÄ‡∏ä‡∏¥‡∏á‡∏≠‡∏≠‡∏Å‡πÅ‡∏ö‡∏ö

- ‡∏´‡∏ô‡∏±‡∏Å‡πÄ‡∏≠‡∏≤ ‡πÄ‡∏ö‡∏≤‡∏™‡∏π‡πâ ‡∏û‡∏£‡πâ‡∏≠‡∏°‡πÄ‡∏£‡∏µ‡∏¢‡∏ô‡∏£‡∏π‡πâ ‡πÄ‡∏õ‡πá‡∏ô intrapreneur ‡∏ó‡∏≥‡∏á‡∏≤‡∏ô‡πÅ‡∏ö‡∏ö‡πÑ‡∏î‡πâ‡∏ù‡∏∂‡∏Å‡∏Ñ‡∏¥‡∏î‡πÅ‡∏ö‡∏ö‡πÄ‡∏à‡πâ‡∏≤‡∏Ç‡∏≠‡∏á‡∏Å‡∏¥‡∏à‡∏Å‡∏≤‡∏£

- ‡∏°‡∏µ‡∏ó‡∏±‡∏Å‡∏©‡∏∞‡πÉ‡∏ô‡∏Å‡∏≤‡∏£‡∏Ñ‡∏∏‡∏¢‡πÅ‡∏•‡∏∞‡∏™‡∏∑‡πà‡∏≠‡∏™‡∏≤‡∏£ ‡πÄ‡∏Ç‡πâ‡∏≤‡∏´‡∏≤‡∏Ñ‡∏ô‡πÄ‡∏Å‡πà‡∏á ‡∏•‡∏∑‡πà‡∏ô‡πÑ‡∏´‡∏• ‡πÜ

- ‡πÄ‡∏ß‡∏•‡∏≤‡∏á‡∏≤‡∏ô‡∏¢‡∏∑‡∏î‡∏´‡∏¢‡∏∏‡πà‡∏ô ‡πÅ‡∏ï‡πà‡∏ï‡πâ‡∏≠‡∏á‡∏°‡∏µ‡∏Ñ‡∏∏‡∏ì‡∏†‡∏≤‡∏û ‡∏á‡∏≤‡∏ô‡πÑ‡∏°‡πà‡πÄ‡∏ô‡πâ‡∏ô face time ‡πÅ‡∏ï‡πà‡πÄ‡∏ô‡πâ‡∏ô‡∏ó‡∏≥‡∏á‡∏≤‡∏ô‡∏î‡∏µ ‡∏î‡∏±‡∏á‡∏ô‡∏±‡πâ‡∏ô‡∏ï‡πâ‡∏≠‡∏á‡∏£‡∏±‡∏ö‡∏ú‡∏¥‡∏î‡∏ä‡∏≠‡∏ö (‡∏°‡∏≤‡∏Å‡∏Å‡∏Å‡∏Å) ‡πÅ‡∏•‡∏∞‡∏à‡∏±‡∏î‡∏Å‡∏≤‡∏£‡πÄ‡∏ß‡∏•‡∏≤‡πÄ‡∏≠‡∏á‡πÄ‡∏Å‡πà‡∏á (‡∏°‡∏≤‡∏Å‡∏Å‡∏Å‡∏Å)

- ‡∏°‡∏µ‡πÇ‡∏≠‡∏Å‡∏≤‡∏™‡πÑ‡∏î‡πâ‡∏ó‡∏≥‡∏á‡∏≤‡∏ô‡πÉ‡∏Å‡∏•‡πâ‡∏ä‡∏¥‡∏î‡∏Å‡∏±‡∏ö‡∏ú‡∏π‡πâ‡∏ô‡∏≥‡πÅ‡∏•‡∏∞‡∏ú‡∏π‡πâ‡∏°‡∏µ‡∏õ‡∏£‡∏∞‡∏™‡∏ö‡∏Å‡∏≤‡∏£‡∏ì‡πå‡∏´‡∏•‡∏≤‡∏Å‡∏´‡∏•‡∏≤‡∏¢‡∏ß‡∏á‡∏Å‡∏≤‡∏£ (‡∏°‡∏≤‡∏Å‡∏Å‡∏Å‡∏Å)

‡πÄ‡∏û‡∏∑‡πà‡∏≠‡∏ô‡∏£‡πà‡∏ß‡∏°‡∏á‡∏≤‡∏ô‡∏ô‡πà‡∏≤‡∏£‡∏±‡∏Å ‡πÄ‡∏õ‡πá‡∏ô‡∏Å‡∏±‡∏ô‡πÄ‡∏≠‡∏á ‡∏£‡∏≠‡∏à‡∏µ‡∏ö‡∏≠‡∏¢‡∏π‡πà‡∏ô‡∏∞‡∏à‡πä‡∏∞",3133959570001587,3,5,1,2020-05-29 22:39:43,2020-05-31 08:34:57,2020-05-29 22:39:43,FALSE,"‡∏™‡∏¢‡∏≤‡∏°",713359.178116414,1755573.92643108,47,"P",0,FALSE
"39",29,"Sup ‡∏£‡∏õ‡∏†.",1,35,45,"‡∏°‡∏µ‡πÉ‡∏ö‡∏≠‡∏ô‡∏∏‡∏ç‡∏≤‡∏ï ‡∏ò‡∏† 7 , 12","‡∏™‡∏≤‡∏°‡∏≤‡∏£‡∏ñ‡πÄ‡∏Ç‡πâ‡∏≤‡∏Å‡∏∞‡∏ó‡∏≥‡∏á‡∏≤‡∏ô‡πÑ‡∏î‡πâ",20000,"‡∏£‡∏≤‡∏¢‡πÑ‡∏î‡πâ 604 ‡∏ö‡∏≤‡∏ó‡∏ï‡πà‡∏≠‡∏ß‡∏±‡∏ô 
‡∏£‡∏ß‡∏° 20,000-27,000 ‡∏ö‡∏≤‡∏ó‡∏ï‡πà‡∏≠‡πÄ‡∏î‡∏∑‡∏≠‡∏ô

‡∏°‡∏µ‡πÇ‡∏≠‡∏ó‡∏µ‡∏ó‡∏∏‡∏Å‡∏ß‡∏±‡∏ô
‡∏Å‡∏∞‡πÄ‡∏ä‡πâ‡∏≤ 4 ‡∏ä‡∏±‡πà‡∏ß‡πÇ‡∏°‡∏á
‡∏Å‡∏∞‡∏î‡∏∂‡∏Å 6 ‡∏ä‡∏±‡πà‡∏ß‡πÇ‡∏°‡∏á

‡∏ó‡∏≥‡∏á‡∏≤‡∏ô‡∏´‡∏ô‡πà‡∏ß‡∏¢‡∏á‡∏≤‡∏ô ‡∏™‡∏¢‡∏≤‡∏°‡πÇ‡∏ï‡πÇ‡∏¢‡∏ï‡πâ‡∏≤ 
‡∏ô‡∏¥‡∏Ñ‡∏°‡∏≠‡∏∏‡∏ï‡∏™‡∏≤‡∏´‡∏Å‡∏£‡∏£‡∏° ‡∏≠‡∏°‡∏ï‡∏∞‡∏ã‡∏¥‡∏ï‡∏µ‡πâ ‡∏ä‡∏•‡∏ö‡∏∏‡∏£‡∏µ

‡∏™‡∏ô‡πÉ‡∏à ‡πÇ‡∏ó‡∏£‡∏™‡∏≠‡∏ö‡∏ñ‡∏≤‡∏° 06-1791-9716 ‡∏Ñ‡∏∏‡∏ì‡πÇ‡∏≠‡∏°",2859529234174710,1,2,1,2020-05-29 14:21:22,2020-05-30 08:00:27,2020-05-29 14:21:22,FALSE,"‡∏´‡∏ô‡πà‡∏ß‡∏¢‡∏á‡∏≤‡∏ô ‡∏™‡∏¢‡∏≤‡∏°‡πÇ‡∏ï‡πÇ‡∏¢‡∏ï‡πâ‡∏≤ ‡∏ô‡∏¥‡∏Ñ‡∏°‡∏≠‡∏∏‡∏ï‡∏™‡∏≤‡∏´‡∏Å‡∏£‡∏£‡∏°‡∏≠‡∏°‡∏ï‡∏∞‡∏ã‡∏¥‡∏ï‡∏µ‡πâ ‡∏ä‡∏•‡∏ö‡∏∏‡∏£‡∏µ",719370.877540357,1487047.86361769,47,"P",0,FALSE
"40",31,"Human Resource Manager",1,30,40,"-","People person, have good understanding of HRM",40000,"Managing Company‚Äôs human resource team and activity, recruiting, training, and fill the gap in organization chart",2549425098491776,3,5,6,2020-05-29 14:21:22,2020-05-29 14:21:22,2020-05-29 14:21:22,FALSE,"Bangkok, Chachoengsao",723426.48860175,1513541.37877164,47,"P",0,FALSE
"41",62,"‡πÄ‡∏à‡πâ‡∏≤‡∏´‡∏ô‡πâ‡∏≤‡∏ó‡∏µ‡πà‡∏ò‡∏∏‡∏£‡∏Å‡∏≤‡∏£/‡πÄ‡∏•‡∏Ç‡∏≤‡∏ô‡∏∏‡∏Å‡∏≤‡∏£",1,23,30,"-","‡πÑ‡∏°‡πà‡∏°‡∏µ",10000,"‡πÄ‡∏•‡∏Ç‡∏≤‡∏ô‡∏∏‡∏Å‡∏≤‡∏£ ‡∏ú‡∏π‡πâ‡∏à‡∏±‡∏î‡∏Å‡∏≤‡∏£ ‡πÅ‡∏•‡∏∞‡∏á‡∏≤‡∏ô‡∏ò‡∏∏‡∏£‡∏Å‡∏≤‡∏£‡∏ó‡∏≥‡∏á‡∏≤‡∏ô‡πÄ‡∏≠‡∏Å‡∏™‡∏≤‡∏£‡∏ó‡∏±‡πà‡∏ß‡πÑ‡∏õ",3123761251022491,3,4,0,2020-06-10 12:23:10,2020-06-10 12:23:10,2020-06-10 12:23:10,FALSE,"‡∏™‡∏µ‡∏Ñ‡∏¥‡πâ‡∏ß",778789.907621622,1657014.12091977,47,"P",NA,NA
"42",63,"‡∏û‡∏ô‡∏±‡∏Å‡∏á‡∏≤‡∏ô‡πÅ‡∏û‡πá‡∏Ñ‡∏™‡∏¥‡∏ô‡∏Ñ‡πâ‡∏≤",2,18,40,"-","-‡πÑ‡∏°‡πà‡∏à‡∏≥‡πÄ‡∏õ‡πá‡∏ô‡∏ï‡πâ‡∏≠‡∏á‡∏°‡∏µ‡∏õ‡∏£‡∏∞‡∏™‡∏ö‡∏Å‡∏≤‡∏£‡∏ì‡πå 
  ‡πÅ‡∏ï‡πà‡∏ñ‡πâ‡∏≤‡∏°‡∏µ‡∏õ‡∏£‡∏∞‡∏™‡∏ö‡∏Å‡∏≤‡∏£‡∏ì‡πå‡∏à‡∏∞‡∏û‡∏¥‡∏à‡∏≤‡∏£‡∏ì‡∏≤‡πÄ‡∏õ‡πá‡∏ô‡∏û‡∏¥‡πÄ‡∏®‡∏©",300,"‡∏ä‡πà‡∏ß‡∏¢‡∏á‡∏≤‡∏ô‡πÅ‡∏û‡πá‡∏Ñ‡∏™‡∏¥‡∏ô‡∏Ñ‡πâ‡∏≤ ‡πÅ‡∏•‡∏∞‡∏á‡∏≤‡∏ô‡∏≠‡∏∑‡πà‡∏ô‡πÜ‡∏ï‡∏≤‡∏°‡∏ó‡∏µ‡πà‡πÑ‡∏î‡πâ‡∏£‡∏±‡∏ö‡∏°‡∏≠‡∏ö‡∏´‡∏°‡∏≤‡∏¢",3963571867050521,2,NA,0,2020-06-10 13:03:32,2020-06-12 11:53:41,2020-06-10 13:03:32,FALSE,"318 ‡∏ñ‡∏ô‡∏ô‡∏û‡∏≤‡∏´‡∏∏‡∏£‡∏±‡∏î ‡πÅ‡∏Ç‡∏ß‡∏á‡∏ß‡∏±‡∏á‡∏ö‡∏π‡∏£‡∏û‡∏≤‡∏†‡∏¥‡∏£‡∏°‡∏¢‡πå ‡πÄ‡∏Ç‡∏ï‡∏û‡∏£‡∏∞‡∏ô‡∏Ñ‡∏£ ‡∏Å‡∏£‡∏∏‡∏á‡πÄ‡∏ó‡∏û‡∏Ø 10200 (‡∏£‡πâ‡∏≤‡∏ô‡∏≠‡∏¢‡∏π‡πà‡∏ï‡∏£‡∏á‡∏Ç‡πâ‡∏≤‡∏°‡∏î‡∏¥‡πÇ‡∏≠‡∏•‡∏•‡πå‡∏™‡∏¢‡∏≤‡∏° ‡∏≠‡∏¢‡∏π‡πà‡∏Å‡∏•‡∏≤‡∏á‡∏™‡∏≤‡∏°‡πÅ‡∏¢‡∏Å)
‡∏ï‡∏¥‡∏î‡∏ï‡πà‡∏≠‡∏ó‡∏µ‡πà ‡πÅ‡∏ô‡∏ô ‡πÄ‡∏ö‡∏≠‡∏£‡πå 065-551-9366",662231.318042543,1519994.6454965,47,"P",NA,NA
"43",21,"‡∏™‡∏±‡∏ï‡∏ß‡∏ö‡∏≤‡∏•‡πÄ‡∏•‡πâ‡∏≤‡πÅ‡∏°‡πà‡∏û‡∏±‡∏ô‡∏ò‡∏∏‡πå‚Äã",1,21,45,"‡∏™‡∏±‡∏ï‡∏ß‡∏®‡∏≤‡∏™‡∏ï‡∏£‡πå ‡∏´‡∏£‡∏∑‡∏≠ ‡∏™‡∏±‡∏ï‡∏ß‡∏ö‡∏≤‡∏•","‡πÑ‡∏°‡πà‡∏°‡∏µ",12000,"‡∏™‡∏±‡∏ï‡∏ß‡∏ö‡∏≤‡∏•‡∏î‡∏π‡πÅ‡∏•‡∏™‡πà‡∏ß‡∏ô‡πÅ‡∏°‡πà‡∏û‡∏±‡∏ô‡∏ò‡∏∏‡πå‡∏ú‡∏™‡∏°‡∏´‡∏£‡∏∑‡∏≠‡∏≠‡∏∏‡πâ‡∏°‡∏ó‡πâ‡∏≠‡∏á ‡∏î‡∏π‡πÅ‡∏•+ ‡∏â‡∏µ‡∏î‡∏¢‡∏≤‡∏´‡∏°‡∏π‡∏õ‡πà‡∏ß‡∏¢‡πÑ‡∏î‡πâ  ‡∏Ñ‡∏∏‡∏°‡∏•‡∏π‡∏Å‡∏ô‡πâ‡∏≠‡∏á‡πÄ‡∏õ‡πá‡∏ô‡∏Ñ‡∏ô‡∏á‡∏≤‡∏ô‡∏ï‡πà‡∏≤‡∏á‡∏î‡πâ‡∏≤‡∏ß ‡∏°‡∏µ‡∏û‡∏µ‡πà‡πÄ‡∏•‡∏µ‡πâ‡∏¢‡∏á‡πÉ‡∏´‡πâ  ‡πÇ‡∏õ‡∏£‡∏á‡∏≤‡∏ô 3 ‡πÄ‡∏î‡∏∑‡∏≠‡∏ô  ‡πÄ‡∏á‡∏¥‡∏ô‡πÄ‡∏î‡∏∑‡∏≠‡∏ô‡∏ï‡∏≤‡∏°‡πÅ‡∏ï‡πà‡∏õ‡∏£‡∏∞‡∏™‡∏ö‡∏Å‡∏≤‡∏£‡∏ì‡πå‚Äã ‡∏à‡∏ö‡πÉ‡∏´‡∏°‡πà‡πÄ‡∏£‡∏¥‡πà‡∏° 12, 000 ‡∏ö‡∏≤‡∏ó ‡∏ú‡πà‡∏≤‡∏ô‡πÇ‡∏õ‡∏£‡πÅ‡∏•‡πâ‡∏ß‡∏õ‡∏£‡∏±‡∏ö‡∏Ç‡∏∂‡πâ‡∏ô‡∏ï‡∏≤‡∏°‡∏Ñ‡∏ß‡∏≤‡∏°‡∏™‡∏≤‡∏°‡∏≤‡∏£‡∏ñ  ‡∏°‡∏µ‡πÄ‡∏á‡∏¥‡∏ô‡∏û‡∏¥‡πÄ‡∏®‡∏©‡πÄ‡∏°‡∏∑‡πà‡∏≠‡∏ó‡∏≥‡∏ú‡∏•‡∏ú‡∏•‡∏¥‡∏ï‡∏ñ‡∏∂‡∏á‡πÄ‡∏õ‡πâ‡∏≤ 
‡∏á‡∏≤‡∏ô‡∏ü‡∏≤‡∏£‡πå‡∏°‡∏à‡∏∞‡∏ó‡∏≥‡∏ó‡∏∏‡∏Å‡∏ß‡∏±‡∏ô ‡πÑ‡∏°‡πà‡∏°‡∏µ‡∏ß‡∏±‡∏ô‡∏´‡∏¢‡∏∏‡∏î  ‡πÅ‡∏ï‡πà‡∏•‡∏≤‡∏û‡∏±‡∏Å‡∏£‡πâ‡∏≠‡∏ô‡∏Å‡∏•‡∏±‡∏ö‡∏ö‡πâ‡∏≤‡∏ô‡πÑ‡∏î‡πâ  ‡∏ó‡∏µ‡πà‡∏û‡∏±‡∏Å‡πÉ‡∏ô‡∏ü‡∏≤‡∏£‡πå‡∏°‡∏ü‡∏£‡∏µ  ‡∏ô‡πâ‡∏≥ ‡πÑ‡∏ü ‡∏ü‡∏£‡∏µ‡∏Ñ‡πà‡∏∞",3143041802385134,3,4,0,2020-05-29 14:21:22,2020-05-29 14:21:22,2020-05-29 14:21:22,FALSE,"‡∏≠.‡∏à‡∏≠‡∏°‡∏ö‡∏∂‡∏á ‡∏à.‡∏£‡∏≤‡∏ä‡∏ö‡∏∏‡∏£‡∏µ",566186.443066172,1504897.98186402,47,"P",0,FALSE
"44",14,"‡πÅ‡∏Ñ‡∏ä‡πÄ‡∏ä‡∏µ‡∏¢‡∏£‡πå‡∏£‡πâ‡∏≤‡∏ô‡∏≠‡∏≤‡∏´‡∏≤‡∏£",9,18,45,"-","‡πÑ‡∏°‡πà‡∏ï‡πâ‡∏≠‡∏á‡∏°‡∏µ",12000,"‡πÄ‡∏™‡∏¥‡∏£‡πå‡∏ü‡∏≠‡∏≤‡∏´‡∏≤‡∏£ ‡πÅ‡∏•‡∏∞ ‡∏Ñ‡∏¥‡∏î‡∏Ñ‡πà‡∏≤‡∏≠‡∏≤‡∏´‡∏≤‡∏£‡∏Ç‡∏≠‡∏á‡∏•‡∏π‡∏Å‡∏Ñ‡πâ‡∏≤",1832447563546073,3,0,0,2020-05-29 14:21:22,2020-05-29 14:21:22,2020-05-29 14:21:22,FALSE,"‡∏£‡∏≤‡∏°‡∏≠‡∏¥‡∏ô‡∏ó‡∏£‡∏≤",678625.040764436,1531087.31167132,47,"P",0,FALSE
"45",64,"‡∏û‡∏ô‡∏±‡∏Å‡∏á‡∏≤‡∏ô‡∏ä‡∏á‡πÄ‡∏Ñ‡∏£‡∏∑‡πà‡∏≠‡∏á‡∏î‡∏∑‡πà‡∏°",1,18,30,"-","‡∏û‡∏π‡∏î‡∏†‡∏≤‡∏©‡∏≤‡∏≠‡∏±‡∏á‡∏Å‡∏§‡∏©‡πÑ‡∏î‡πâ",10000,"‚ñ∂Ô∏è‡∏´‡∏ô‡πâ‡∏≤‡∏ó‡∏µ‡πà‡∏Ñ‡∏ß‡∏≤‡∏°‡∏£‡∏±‡∏ö‡∏ú‡∏¥‡∏î‡∏ä‡∏≠‡∏ö
-	‡∏ö‡∏£‡∏¥‡∏Å‡∏≤‡∏£‡πÅ‡∏•‡∏∞‡∏ï‡πâ‡∏≠‡∏ô‡∏£‡∏±‡∏ö‡∏•‡∏π‡∏Å‡∏Ñ‡πâ‡∏≤ ‡∏£‡∏±‡∏ö‡∏≠‡∏≠‡πÄ‡∏î‡∏≠‡∏£‡πå‡πÄ‡∏Ñ‡∏£‡∏∑‡πà‡∏≠‡∏á‡∏î‡∏∑‡πà‡∏°
-	‡∏ä‡∏á‡πÄ‡∏Ñ‡∏£‡∏∑‡πà‡∏≠‡∏á‡∏î‡∏∑‡πà‡∏°‡∏ï‡∏≤‡∏°‡∏ó‡∏µ‡πà‡∏•‡∏π‡∏Å‡∏Ñ‡πâ‡∏≤‡∏≠‡∏≠‡πÄ‡∏î‡∏≠‡∏£‡πå
-	‡∏à‡∏±‡∏î‡πÄ‡∏ï‡∏£‡∏µ‡∏¢‡∏°‡∏™‡πà‡∏ß‡∏ô‡∏ú‡∏™‡∏°‡∏ï‡πà‡∏≤‡∏á‡πÜ‡∏Ç‡∏≠‡∏á‡πÄ‡∏Ñ‡∏£‡∏∑‡πà‡∏≠‡∏á‡∏î‡∏∑‡πà‡∏°‡πÉ‡∏´‡πâ‡∏û‡∏£‡πâ‡∏≠‡∏°‡∏Ç‡∏≤‡∏¢
-	‡∏Ñ‡∏¥‡∏î‡πÄ‡∏á‡∏¥‡∏ô ‡∏ó‡∏≠‡∏ô‡πÄ‡∏á‡∏¥‡∏ô‡∏•‡∏π‡∏Å‡∏Ñ‡πâ‡∏≤ ‡πÄ‡∏Å‡πá‡∏ö‡∏ö‡∏¥‡∏•‡∏à‡∏≤‡∏Å‡∏Å‡∏≤‡∏£‡∏Ç‡∏≤‡∏¢‡πÉ‡∏ô‡πÅ‡∏ï‡πà‡∏•‡∏∞‡∏ß‡∏±‡∏ô
‚ñ∂Ô∏è‡∏´‡∏ô‡πâ‡∏≤‡∏ó‡∏µ‡πà‡∏Å‡πà‡∏≠‡∏ô‡πÄ‡∏õ‡∏¥‡∏î‡∏£‡πâ‡∏≤‡∏ô
-	‡∏ï‡∏£‡∏ß‡∏à ‡πÄ‡∏ä‡πá‡∏Ñ‡∏™‡πà‡∏ß‡∏ô‡∏ú‡∏™‡∏°‡πÄ‡∏Ñ‡∏£‡∏∑‡πà‡∏≠‡∏á‡∏î‡∏∑‡πà‡∏°‡∏ï‡πà‡∏≤‡∏á‡πÜ‡πÉ‡∏´‡πâ‡∏û‡∏£‡πâ‡∏≠‡∏°‡∏Ç‡∏≤‡∏¢
-	‡∏ó‡∏≥‡∏Ñ‡∏ß‡∏≤‡∏°‡∏™‡∏∞‡∏≠‡∏≤‡∏î‡∏ö‡∏£‡∏¥‡πÄ‡∏ß‡∏ì‡∏£‡πâ‡∏≤‡∏ô ‡πÅ‡∏•‡∏∞‡∏à‡∏∏‡∏î‡∏ñ‡πà‡∏≤‡∏¢‡∏£‡∏π‡∏õ‡πÉ‡∏´‡πâ‡∏™‡∏∞‡∏≠‡∏≤‡∏î ‡πÄ‡∏£‡∏µ‡∏¢‡∏ö‡∏£‡πâ‡∏≠‡∏¢‡∏û‡∏£‡πâ‡∏≠‡∏°‡πÄ‡∏õ‡∏¥‡∏î‡∏£‡πâ‡∏≤‡∏ô
-	‡∏ï‡∏£‡∏ß‡∏à ‡∏ô‡∏±‡∏ö‡πÄ‡∏á‡∏¥‡∏ô‡∏ó‡∏≠‡∏ô‡πÉ‡∏´‡πâ‡∏û‡∏≠‡∏î‡∏µ‡∏Å‡∏±‡∏ö‡∏Å‡∏≤‡∏£‡∏Ç‡∏≤‡∏¢‡πÉ‡∏ô‡πÅ‡∏ï‡πà‡∏•‡∏∞‡∏ß‡∏±‡∏ô
‚ñ∂Ô∏è‡∏´‡∏ô‡πâ‡∏≤‡∏ó‡∏µ‡πà‡∏´‡∏•‡∏±‡∏á‡∏õ‡∏¥‡∏î‡∏£‡πâ‡∏≤‡∏ô
-	‡∏ó‡∏≥‡∏Ñ‡∏ß‡∏≤‡∏°‡∏™‡∏∞‡∏≠‡∏≤‡∏î‡∏≠‡∏∏‡∏õ‡∏Å‡∏£‡∏ì‡πå ‡πÄ‡∏ä‡πà‡∏ô ‡πÄ‡∏Ñ‡∏£‡∏∑‡πà‡∏≠‡∏á‡∏õ‡∏±‡πà‡∏ô ‡πÅ‡∏Å‡πâ‡∏ß‡∏ô‡πâ‡∏≥ ‡πÅ‡∏•‡∏∞‡∏à‡∏±‡∏î‡πÄ‡∏Å‡πá‡∏ö‡∏≠‡∏∏‡∏õ‡∏Å‡∏£‡∏ì‡πå‡πÉ‡∏´‡πâ‡∏û‡∏£‡πâ‡∏≠‡∏°‡πÉ‡∏ä‡πâ‡∏á‡∏≤‡∏ô
-	‡∏î‡∏π‡πÅ‡∏•‡∏Ñ‡∏ß‡∏≤‡∏°‡∏™‡∏∞‡∏≠‡∏≤‡∏î‡∏ö‡∏£‡∏¥‡πÄ‡∏ß‡∏ì‡∏£‡πâ‡∏≤‡∏ô‡πÅ‡∏•‡∏∞‡∏à‡∏∏‡∏î‡∏ñ‡πà‡∏≤‡∏¢‡∏£‡∏π‡∏õ‡∏ô‡∏±‡πà‡∏á‡πÄ‡∏•‡πà‡∏ô ‡∏´‡∏ô‡πâ‡∏≤‡∏£‡πâ‡∏≤‡∏ô
-	‡∏£‡∏ß‡∏ö‡∏£‡∏ß‡∏°‡∏ö‡∏¥‡∏•‡∏™‡∏±‡πà‡∏á‡∏ã‡∏∑‡πâ‡∏≠‡∏Ç‡∏≠‡∏á‡∏•‡∏π‡∏Å‡∏Ñ‡πâ‡∏≤‡πÉ‡∏ô‡πÅ‡∏ï‡πà‡∏•‡∏∞‡∏ß‡∏±‡∏ô ‡∏õ‡∏¥‡∏î‡∏¢‡∏≠‡∏î‡∏Å‡∏≤‡∏£‡∏Ç‡∏≤‡∏¢
-	‡πÄ‡∏ä‡πá‡∏Ñ ‡∏ô‡∏±‡∏ö‡∏™‡∏ï‡πá‡∏≠‡∏Å‡∏™‡∏¥‡∏ô‡∏Ñ‡πâ‡∏≤",3924327650942080,3,2,1,2020-06-11 10:45:43,2020-06-12 10:46:54,2020-06-11 10:45:43,FALSE,"‡∏£‡∏∞‡∏´‡∏ß‡πà‡∏≤‡∏á‡∏™‡∏¢‡∏≤‡∏°‡∏™‡πÅ‡∏Ñ‡∏ß‡∏£‡πå‡∏ã‡∏≠‡∏¢1 ‡πÅ‡∏•‡∏∞‡∏™‡∏¢‡∏≤‡∏°‡∏™‡πÅ‡∏Ñ‡∏ß‡∏£‡πå‡∏ã‡∏≠‡∏¢2",665608.221998133,1520101.7318162,47,"P",NA,NA
"46",22,"‡∏Å‡∏≤‡∏£‡∏ï‡∏•‡∏≤‡∏î‡∏≠‡∏≠‡∏ô‡πÑ‡∏•‡∏ô‡πå",2,28,40,"‡∏Å‡∏≤‡∏£‡∏ï‡∏•‡∏≤‡∏î","- ‡∏≠‡∏≠‡∏Å‡πÅ‡∏ö‡∏ö‡∏Å‡∏£‡∏≤‡∏ü‡∏ü‡∏¥‡∏Å ‡πÉ‡∏ä‡πâ ‡πÇ‡∏õ‡∏£‡πÅ‡∏Å‡∏£‡∏°‡∏≠‡∏≠‡∏Å‡πÅ‡∏ö‡∏ö‡πÑ‡∏î‡πâ ‡πÄ‡∏ä‡πà‡∏ô AI, Photoshop 
- ‡∏™‡∏∑‡πà‡∏≠‡∏™‡∏≤‡∏£‡∏†‡∏≤‡∏©‡∏≤‡∏≠‡∏±‡∏á‡∏Å‡∏§‡∏©‡πÑ‡∏î‡πâ 
- ‡πÄ‡∏Å‡∏¥‡∏ô‡∏ó‡∏≤‡∏á‡∏ï‡πà‡∏≤‡∏á‡∏à‡∏±‡∏á‡∏´‡∏ß‡∏±‡∏î‡πÑ‡∏î‡πâ 
- ‡∏°‡∏µ‡πÉ‡∏ö‡∏Ç‡∏±‡∏ö‡∏Ç‡∏µ‡πà",18000,"- ‡∏ß‡∏≤‡∏á‡πÅ‡∏ú‡∏ô‡∏Å‡∏≤‡∏£‡∏ï‡∏•‡∏≤‡∏î 
- ‡∏Ñ‡∏¥‡∏î content 
- ‡∏≠‡∏≠‡∏Å‡πá‡πÅ‡∏ö‡∏ö‡∏Å‡∏£‡∏≤‡∏ü‡∏ü‡∏¥‡∏Å
- ‡πÄ‡∏à‡∏≤‡∏∞‡∏Å‡∏•‡∏∏‡πà‡∏°‡πÄ‡∏õ‡πâ‡∏≤‡∏´‡∏°‡∏≤‡∏¢ 
- ‡∏™‡∏£‡πâ‡∏≤‡∏á‡∏¢‡∏≠‡∏î‡∏Ç‡∏≤‡∏¢‡πÉ‡∏´‡πâ‡∏ï‡∏≤‡∏°‡πÄ‡∏õ‡πâ‡∏≤ 

- ‡∏Ç‡∏≠‡∏Ñ‡∏ô‡∏ä‡∏≠‡∏ö‡∏Ñ‡∏ß‡∏≤‡∏°‡∏ó‡πâ‡∏≤‡∏ó‡∏≤‡∏¢ 
- ‡∏£‡∏±‡∏ö‡∏ú‡∏¥‡∏î‡∏ä‡∏≠‡∏ö 
- ‡∏≠‡∏¢‡∏π‡πà‡∏´‡∏ô‡πâ‡∏≤‡∏Å‡∏•‡πâ‡∏≠‡∏á‡πÑ‡∏î‡πâ 
- ‡∏°‡∏µ‡∏Ñ‡∏ß‡∏≤‡∏°‡πÄ‡∏õ‡πá‡∏ô‡∏ú‡∏π‡πâ‡∏ô‡∏≥",3217593241605262,3,5,3,2020-05-29 14:21:22,2020-05-29 14:21:22,2020-05-29 14:21:22,FALSE,"‡∏ñ‡∏ô‡∏ô ‡∏•‡∏≤‡∏î‡∏õ‡∏•‡∏≤‡πÄ‡∏Ñ‡πâ‡∏≤ ‡∏Å‡∏£‡∏∏‡∏á‡πÄ‡∏ó‡∏û‡∏Ø",673375.594599787,1531550.75214434,47,"P",0,FALSE
"47",26,"‡∏ß‡∏¥‡∏®‡∏ß‡∏Å‡∏£‡πÇ‡∏¢‡∏ò‡∏≤",1,21,25,"‡∏ß‡∏¥‡∏®‡∏ß‡∏Å‡∏£‡∏£‡∏°‡πÇ‡∏¢‡∏ò‡∏≤","‡∏™‡∏≤‡∏°‡∏≤‡∏£‡∏ñ‡∏ü‡∏±‡∏á ‡∏û‡∏π‡∏î ‡∏≠‡πà‡∏≤‡∏ô ‡πÄ‡∏Ç‡∏µ‡∏¢‡∏ô ‡∏†‡∏≤‡∏©‡∏≤‡∏≠‡∏±‡∏á‡∏Å‡∏§‡∏©‡πÑ‡∏î‡πâ ‡πÉ‡∏ô‡∏£‡∏∞‡∏î‡∏±‡∏ö‡∏î‡∏µ
‡∏ú‡πà‡∏≤‡∏ô‡πÄ‡∏Å‡∏ì‡∏ë‡πå‡∏ó‡∏´‡∏≤‡∏£‡πÅ‡∏•‡πâ‡∏ß/‡πÄ‡∏£‡∏µ‡∏¢‡∏ô ‡∏£.‡∏î.",24000,"‡∏£‡∏≤‡∏¢‡∏•‡∏∞‡πÄ‡∏≠‡∏µ‡∏¢‡∏î‡∏á‡∏≤‡∏ô
1.‡∏Ñ‡∏ß‡∏ö‡∏Ñ‡∏∏‡∏°‡∏á‡∏≤‡∏ô‡πÅ‡∏•‡∏∞‡∏®‡∏∂‡∏Å‡∏©‡∏≤‡πÅ‡∏ö‡∏ö‡∏Å‡πà‡∏≠‡∏™‡∏£‡πâ‡∏≤‡∏á(Shop Drawing) ‡∏ï‡∏£‡∏ß‡∏à‡∏™‡∏≠‡∏ö ‡∏£‡∏≤‡∏¢‡∏Å‡∏≤‡∏£‡∏õ‡∏£‡∏∞‡∏Å‡∏≠‡∏ö‡πÅ‡∏ö‡∏ö(Specification) ‡∏Ç‡πâ‡∏≠‡∏Å‡∏≥‡∏´‡∏ô‡∏î‡∏ó‡∏≤‡∏á‡∏ß‡∏¥‡∏®‡∏ß‡∏Å‡∏£‡∏£‡∏° ‡πÄ‡∏ä‡πà‡∏ô ‡∏Ñ‡∏≠‡∏ô‡∏Å‡∏£‡∏µ‡∏ï ‡πÄ‡∏´‡∏•‡πá‡∏Å‡πÄ‡∏™‡πâ‡∏ô ‡πÄ‡∏´‡∏•‡πá‡∏Å‡∏£‡∏π‡∏õ‡∏û‡∏£‡∏£‡∏ì
2.‡∏à‡∏±‡∏î‡∏ó‡∏≥‡∏£‡∏≤‡∏¢‡∏á‡∏≤‡∏ô‡∏õ‡∏£‡∏∞‡∏à‡∏≥‡∏ß‡∏±‡∏ô (Daily Report)/‡∏õ‡∏£‡∏∞‡∏à‡∏≥‡∏™‡∏±‡∏õ‡∏î‡∏≤‡∏´‡πå (Weekly Report)/‡∏õ‡∏£‡∏∞‡∏à‡∏≥‡πÄ‡∏î‡∏∑‡∏≠‡∏ô(Monthly Report)‡∏£‡∏ß‡∏°‡∏ó‡∏±‡πâ‡∏á‡∏£‡∏≤‡∏¢‡∏á‡∏≤‡∏ô‡∏≠‡∏∑‡πà‡∏ô ‡πÜ ‡∏ó‡∏µ‡πà‡πÄ‡∏Å‡∏µ‡πà‡∏¢‡∏ß‡∏Ç‡πâ‡∏≠‡∏á
3.‡∏£‡∏π‡πâ‡πÅ‡∏•‡∏∞‡πÄ‡∏Ç‡πâ‡∏≤‡πÉ‡∏à‡∏Ç‡∏±‡πâ‡∏ô‡∏ï‡∏≠‡∏ô‡∏Å‡∏≤‡∏£‡∏ó‡∏≥‡∏á‡∏≤‡∏ô‡∏ó‡∏µ‡πà‡∏ñ‡∏π‡∏Å‡∏ï‡πâ‡∏≠‡∏á (Method Statement )
4.‡∏™‡∏≤‡∏°‡∏≤‡∏£‡∏ñ‡∏ß‡∏≤‡∏á‡πÅ‡∏ú‡∏ô‡πÅ‡∏•‡∏∞‡∏à‡∏±‡∏î‡∏ó‡∏≥ Project Master Schedule ‡πÑ‡∏î‡πâ
5.‡∏õ‡∏£‡∏∞‡∏™‡∏≤‡∏ô‡∏á‡∏≤‡∏ô‡∏£‡πà‡∏ß‡∏°‡∏Å‡∏±‡∏ö‡∏ú‡∏π‡πâ‡∏£‡∏±‡∏ö‡πÄ‡∏´‡∏°‡∏≤ ‡∏ú‡∏π‡πâ‡∏≠‡∏≠‡∏Å‡πÅ‡∏ö‡∏ö ‡πÄ‡∏à‡πâ‡∏≤‡∏Ç‡∏≠‡∏á‡∏á‡∏≤‡∏ô ‡πÄ‡∏û‡∏∑‡πà‡∏≠‡πÉ‡∏´‡πâ‡∏á‡∏≤‡∏ô‡∏Å‡πà‡∏≠‡∏™‡∏£‡πâ‡∏≤‡∏á‡πÄ‡∏õ‡πá‡∏ô‡πÑ‡∏õ‡∏ï‡∏≤‡∏°‡πÅ‡∏ú‡∏ô
6.‡∏Ñ‡∏ß‡∏ö‡∏Ñ‡∏∏‡∏°‡∏Ñ‡∏∏‡∏ì‡∏†‡∏≤‡∏û‡∏á‡∏≤‡∏ô‡∏Å‡πà‡∏≠‡∏™‡∏£‡πâ‡∏≤‡∏á‡πÉ‡∏´‡πâ‡∏ñ‡∏π‡∏Å‡∏ï‡πâ‡∏≠‡∏á‡∏ï‡∏≤‡∏°‡∏´‡∏•‡∏±‡∏Å‡∏Å‡∏≤‡∏£‡∏ó‡∏≤‡∏á‡∏ß‡∏¥‡∏®‡∏ß‡∏Å‡∏£‡∏£‡∏°
7.‡∏Ñ‡∏ß‡∏ö‡∏Ñ‡∏∏‡∏°‡πÅ‡∏•‡∏∞‡∏à‡∏±‡∏î‡∏ó‡∏≥‡∏á‡∏ö‡∏õ‡∏£‡∏∞‡∏°‡∏≤‡∏ì‡πÇ‡∏Ñ‡∏£‡∏á‡∏Å‡∏≤‡∏£‡∏≠‡∏¢‡πà‡∏≤‡∏á‡πÄ‡∏´‡∏°‡∏≤‡∏∞‡∏™‡∏°‡πÅ‡∏•‡∏∞‡πÄ‡∏õ‡πá‡∏ô‡πÑ‡∏õ‡∏ï‡∏≤‡∏°‡πÅ‡∏ú‡∏ô‡∏ó‡∏µ‡πà‡∏ß‡∏≤‡∏á‡πÑ‡∏ß‡πâ",3028539300557239,3,5,0,2020-05-29 14:21:22,2020-05-29 14:21:22,2020-05-29 14:21:22,FALSE,"‡∏ô‡∏¥‡∏Ñ‡∏°‡∏≠‡∏∏‡∏ï‡∏™‡∏≤‡∏´‡∏Å‡∏£‡∏£‡∏° 304 ‡∏à.‡∏õ‡∏£‡∏≤‡∏à‡∏µ‡∏ô‡∏ö‡∏∏‡∏£‡∏µ",778137.348152915,1539869.78602589,47,"P",0,FALSE
"48",25,"‡∏ä‡πà‡∏≤‡∏á‡πÄ‡∏ó‡∏Ñ‡∏ô‡∏¥‡∏Ñ, ‡∏ä‡πà‡∏≤‡∏á‡∏ã‡πà‡∏≠‡∏°‡∏ö‡∏≥‡∏£‡∏∏‡∏á, ‡∏ä‡πà‡∏≤‡∏á‡πÑ‡∏ü‡∏ü‡πâ‡∏≤, ‡∏ä‡πà‡∏≤‡∏á‡πÄ‡∏ä‡∏∑‡πà‡∏≠‡∏°, ‡∏ä‡πà‡∏≤‡∏á‡∏≠‡∏¥‡πÄ‡∏•‡πá‡∏Å‡∏ó‡∏£‡∏≠‡∏ô‡∏¥‡∏Å‡∏™‡πå, ‡∏ä‡πà‡∏≤‡∏á‡∏¢‡∏ô‡∏ï‡πå",20,19,25,"‡∏ß‡∏∏‡∏í‡∏¥‡∏Å‡∏≤‡∏£‡∏®‡∏∂‡∏Å‡∏©‡∏≤‡∏£‡∏∞‡∏î‡∏±‡∏ö ‡∏õ‡∏ß‡∏™. ‡∏™‡∏≤‡∏¢‡∏ä‡πà‡∏≤‡∏á‡∏ó‡∏∏‡∏Å‡∏™‡∏≤‡∏Ç‡∏≤ ‡πÄ‡∏ä‡πà‡∏ô ‡πÄ‡∏Ñ‡∏£‡∏∑‡πà‡∏≠‡∏á‡∏Å‡∏•, ‡πÄ‡∏ó‡∏Ñ‡∏ô‡∏¥‡∏Ñ‡πÇ‡∏•‡∏´‡∏∞, ‡πÑ‡∏ü‡∏ü‡πâ‡∏≤, ‡πÄ‡∏ó‡∏Ñ‡∏ô‡∏¥‡∏Ñ‡∏Å‡∏≤‡∏£‡∏ú‡∏•‡∏¥‡∏ï, ‡∏≠‡∏¥‡πÄ‡∏•‡πá‡∏Å‡∏ó‡∏£‡∏≠‡∏ô‡∏¥‡∏Å‡∏™‡πå, ‡πÄ‡∏ó‡∏Ñ‡πÇ‡∏ô‡πÇ‡∏•‡∏¢‡∏µ‡∏Ñ‡∏≠‡∏°‡∏û‡∏¥‡∏ß‡πÄ‡∏ï‡∏≠‡∏£‡πå","‡∏ú‡πà‡∏≤‡∏ô‡∏Å‡∏≤‡∏£‡πÄ‡∏Å‡∏ì‡∏ë‡πå‡∏ó‡∏´‡∏≤‡∏£",13000,"‡∏£‡∏≤‡∏¢‡∏•‡∏∞‡πÄ‡∏≠‡∏µ‡∏¢‡∏î‡∏á‡∏≤‡∏ô
1.‡∏ä‡πà‡∏≤‡∏á‡∏ö‡∏≥‡∏£‡∏∏‡∏á‡∏£‡∏±‡∏Å‡∏©‡∏≤‡∏£‡∏∞‡∏ö‡∏ö‡πÑ‡∏ü‡∏ü‡πâ‡∏≤‡∏´‡∏ô‡πâ‡∏≤‡∏ó‡∏µ‡πà :
‡∏ã‡πà‡∏≠‡∏°‡∏ö‡∏≥‡∏£‡∏∏‡∏á‡∏£‡∏∞‡∏ö‡∏ö‡πÑ‡∏ü‡∏ü‡πâ‡∏≤‡πÅ‡∏•‡∏∞‡∏£‡∏∞‡∏ö‡∏ö‡∏á‡∏≤‡∏ô‡∏ï‡∏¥‡∏î‡∏ï‡∏±‡πâ‡∏á‡∏ó‡∏µ‡πà‡πÄ‡∏Å‡∏µ‡πà‡∏¢‡∏ß‡∏Ç‡πâ‡∏≠‡∏á‡∏ï‡∏≤‡∏°‡∏ó‡∏µ‡πà‡∏à‡∏∞‡πÑ‡∏î‡πâ‡∏£‡∏±‡∏ö‡∏°‡∏≠‡∏ö‡∏´‡∏°‡∏≤‡∏¢‡∏à‡∏≤‡∏Å‡∏ú‡∏π‡πâ‡∏ö‡∏±‡∏á‡∏Ñ‡∏±‡∏ö‡∏ö‡∏±‡∏ç‡∏ä‡∏≤ ‡πÄ‡∏û‡∏∑‡πà‡∏≠‡πÉ‡∏´‡πâ‡πÄ‡∏Ñ‡∏£‡∏∑‡πà‡∏≠‡∏á‡∏à‡∏±‡∏Å‡∏£‡πÄ‡∏î‡∏¥‡∏ô‡∏≠‡∏¢‡πà‡∏≤‡∏á‡∏°‡∏µ‡∏õ‡∏£‡∏∞‡∏™‡∏¥‡∏ó‡∏ò‡∏¥‡∏†‡∏≤‡∏û‡∏™‡∏π‡∏á‡∏™‡∏∏‡∏î
‡∏£‡∏ß‡∏ö‡∏£‡∏ß‡∏°‡∏Å‡∏≤‡∏£‡πÄ‡∏Å‡πá‡∏ö‡∏Ç‡πâ‡∏≠‡∏°‡∏π‡∏•‡πÅ‡∏•‡∏∞‡∏õ‡∏£‡∏∞‡∏ß‡∏±‡∏ï‡∏¥‡πÄ‡∏Ñ‡∏£‡∏∑‡πà‡∏≠‡∏á‡∏à‡∏±‡∏Å‡∏£ ‡πÄ‡∏û‡∏∑‡πà‡∏≠‡∏Å‡∏≤‡∏£‡∏ß‡∏¥‡πÄ‡∏Ñ‡∏£‡∏≤‡∏∞‡∏´‡πå‡∏ú‡∏•
‡∏£‡πà‡∏ß‡∏°‡∏Å‡∏±‡∏ö‡∏´‡∏ô‡πà‡∏ß‡∏¢‡∏á‡∏≤‡∏ô‡∏ó‡∏µ‡πà‡πÄ‡∏Å‡∏µ‡πà‡∏¢‡∏ß‡∏Ç‡πâ‡∏≠‡∏á‡∏à‡∏±‡∏î‡∏ó‡∏≥‡πÅ‡∏ú‡∏ô‡∏á‡∏≤‡∏ô‡∏Å‡∏≤‡∏£‡∏ö‡∏≥‡∏£‡∏∏‡∏á‡∏£‡∏±‡∏Å‡∏©‡∏≤‡∏ã‡πà‡∏≠‡∏°‡πÅ‡∏ã‡∏°‡πÅ‡∏•‡∏∞‡∏ï‡∏¥‡∏î‡∏ï‡∏±‡πâ‡∏á‡πÄ‡∏Ñ‡∏£‡∏∑‡πà‡∏≠‡∏á‡∏à‡∏±‡∏Å‡∏£
2.‡∏ä‡πà‡∏≤‡∏á‡∏ö‡∏≥‡∏£‡∏∏‡∏á‡∏£‡∏±‡∏Å‡∏©‡∏≤‡∏£‡∏∞‡∏ö‡∏ö‡∏Ñ‡∏ß‡∏ö‡∏Ñ‡∏∏‡∏°‡πÅ‡∏•‡∏∞‡πÄ‡∏Ñ‡∏£‡∏∑‡πà‡∏≠‡∏á‡∏°‡∏∑‡∏≠‡∏ß‡∏±‡∏î
‡∏´‡∏ô‡πâ‡∏≤‡∏ó‡∏µ‡πà :
‡∏î‡∏≥‡πÄ‡∏ô‡∏¥‡∏ô‡∏á‡∏≤‡∏ô‡∏ö‡∏≥‡∏£‡∏∏‡∏á‡∏£‡∏±‡∏Å‡∏©‡∏≤‡∏ã‡πà‡∏≠‡∏°‡πÅ‡∏ã‡∏°‡πÅ‡∏•‡∏∞‡∏õ‡∏£‡∏±‡∏ö‡∏õ‡∏£‡∏∏‡∏á‡πÄ‡∏Ñ‡∏£‡∏∑‡πà‡∏≠‡∏á‡∏à‡∏±‡∏Å‡∏£‡πÉ‡∏ô‡∏™‡πà‡∏ß‡∏ô‡∏á‡∏≤‡∏ô‡∏£‡∏∞‡∏ö‡∏ö‡∏Ñ‡∏ß‡∏ö‡∏Ñ‡∏∏‡∏°‡πÅ‡∏•‡∏∞‡πÄ‡∏Ñ‡∏£‡∏∑‡πà‡∏≠‡∏á‡∏°‡∏∑‡∏≠‡∏ß‡∏±‡∏î‡∏ï‡∏≤‡∏°‡∏ó‡∏µ‡πà‡πÑ‡∏î‡πâ‡∏£‡∏±‡∏ö‡∏°‡∏≠‡∏ö‡∏´‡∏°‡∏≤‡∏¢
‡∏£‡∏≤‡∏¢‡∏á‡∏≤‡∏ô‡∏ú‡∏•‡∏Å‡∏≤‡∏£‡∏ö‡∏≥‡∏£‡∏∏‡∏á‡∏£‡∏±‡∏Å‡∏©‡∏≤ ‡∏ã‡πà‡∏≠‡∏°‡πÅ‡∏ã‡∏°‡πÅ‡∏•‡∏∞‡∏õ‡∏£‡∏±‡∏ö‡∏õ‡∏£‡∏∏‡∏á‡πÄ‡∏Ñ‡∏£‡∏∑‡πà‡∏≠‡∏á‡∏à‡∏±‡∏Å‡∏£ ‡∏õ‡∏±‡∏ç‡∏´‡∏≤‡πÅ‡∏•‡∏∞‡∏Å‡∏≤‡∏£‡πÅ‡∏Å‡πâ‡πÑ‡∏Ç‡∏ï‡πà‡∏≤‡∏á‡πÜ ‡πÉ‡∏´‡πâ‡∏ú‡∏π‡πâ‡πÄ‡∏ä‡∏µ‡πà‡∏¢‡∏ß‡∏ä‡∏≤‡∏ç‡∏ã‡πà‡∏≠‡∏°‡∏ö‡∏≥‡∏£‡∏∏‡∏á
‡∏•‡∏á‡∏ö‡∏±‡∏ô‡∏ó‡∏∂‡∏Å‡∏Ç‡πâ‡∏≠‡∏°‡∏π‡∏• ‡∏õ‡∏£‡∏∞‡∏ß‡∏±‡∏ï‡∏¥‡∏Å‡∏≤‡∏£‡πÄ‡∏™‡∏µ‡∏¢‡∏´‡∏≤‡∏¢‡πÅ‡∏•‡∏∞‡∏Å‡∏≤‡∏£‡∏ã‡πà‡∏≠‡∏°‡πÅ‡∏ã‡∏°‡πÄ‡∏Ñ‡∏£‡∏∑‡πà‡∏≠‡∏á‡∏à‡∏±‡∏Å‡∏£‡πÅ‡∏•‡∏∞‡πÄ‡∏ß‡∏•‡∏≤‡πÉ‡∏ô‡∏Å‡∏≤‡∏£‡∏õ‡∏è‡∏¥‡∏ö‡∏±‡∏ï‡∏¥‡∏á‡∏≤‡∏ô‡πÉ‡∏ô‡πÅ‡∏ï‡πà‡∏•‡∏∞‡∏ß‡∏±‡∏ô
3.‡∏ä‡πà‡∏≤‡∏á‡∏ö‡∏≥‡∏£‡∏∏‡∏á‡∏£‡∏±‡∏Å‡∏©‡∏≤‡πÄ‡∏Ñ‡∏£‡∏∑‡πà‡∏≠‡∏á‡∏Å‡∏•
‡∏´‡∏ô‡πâ‡∏≤‡∏ó‡∏µ‡πà :
‡∏î‡∏≥‡πÄ‡∏ô‡∏¥‡∏ô‡∏á‡∏≤‡∏ô‡∏ö‡∏≥‡∏£‡∏∏‡∏á‡∏£‡∏±‡∏Å‡∏©‡∏≤‡∏ã‡πà‡∏≠‡∏°‡πÅ‡∏ã‡∏°‡πÅ‡∏•‡∏∞‡∏õ‡∏£‡∏±‡∏ö‡∏õ‡∏£‡∏∏‡∏á‡πÄ‡∏Ñ‡∏£‡∏∑‡πà‡∏≠‡∏á‡∏à‡∏±‡∏Å‡∏£‡πÇ‡∏£‡∏á‡πÄ‡∏¢‡∏∑‡πà‡∏≠‡πÅ‡∏•‡∏∞‡πÇ‡∏£‡∏á‡∏Å‡∏£‡∏∞‡∏î‡∏≤‡∏©‡∏ï‡∏≤‡∏°‡∏ó‡∏µ‡πà‡πÑ‡∏î‡πâ‡∏£‡∏±‡∏ö‡∏°‡∏≠‡∏ö‡∏´‡∏°‡∏≤‡∏¢
‡∏£‡∏≤‡∏¢‡∏á‡∏≤‡∏ô‡∏ú‡∏•‡∏Å‡∏≤‡∏£‡∏ö‡∏≥‡∏£‡∏∏‡∏á‡∏£‡∏±‡∏Å‡∏©‡∏≤ ‡∏ã‡πà‡∏≠‡∏°‡πÅ‡∏ã‡∏°‡πÅ‡∏•‡∏∞‡∏õ‡∏£‡∏±‡∏ö‡∏õ‡∏£‡∏∏‡∏á‡πÄ‡∏Ñ‡∏£‡∏∑‡πà‡∏≠‡∏á‡∏à‡∏±‡∏Å‡∏£ ‡∏õ‡∏±‡∏ç‡∏´‡∏≤‡πÅ‡∏•‡∏∞‡∏Å‡∏≤‡∏£‡πÅ‡∏Å‡πâ‡πÑ‡∏Ç‡∏ï‡πà‡∏≤‡∏á‡πÜ ‡πÉ‡∏´‡πâ‡∏ú‡∏π‡πâ‡πÄ‡∏ä‡∏µ‡πà‡∏¢‡∏ß‡∏ä‡∏≤‡∏ç‡∏ã‡πà‡∏≠‡∏°‡∏ö‡∏≥‡∏£‡∏∏‡∏á
‡∏•‡∏á‡∏ö‡∏±‡∏ô‡∏ó‡∏∂‡∏Å‡∏Ç‡πâ‡∏≠‡∏°‡∏π‡∏• ‡∏õ‡∏£‡∏∞‡∏ß‡∏±‡∏ï‡∏¥‡∏Å‡∏≤‡∏£‡πÄ‡∏™‡∏µ‡∏¢‡∏´‡∏≤‡∏¢‡πÅ‡∏•‡∏∞‡∏Å‡∏≤‡∏£‡∏ã‡πà‡∏≠‡∏°‡πÅ‡∏ã‡∏°‡πÄ‡∏Ñ‡∏£‡∏∑‡πà‡∏≠‡∏á‡∏à‡∏±‡∏Å‡∏£‡πÅ‡∏•‡∏∞‡πÄ‡∏ß‡∏•‡∏≤‡πÉ‡∏ô‡∏Å‡∏≤‡∏£‡∏õ‡∏è‡∏¥‡∏ö‡∏±‡∏ï‡∏¥‡∏á‡∏≤‡∏ô‡πÉ‡∏ô‡πÅ‡∏ï‡πà‡∏•‡∏∞‡∏ß‡∏±‡∏ô
4.‡∏ä‡πà‡∏≤‡∏á‡πÄ‡∏ä‡∏∑‡πà‡∏≠‡∏°
‡∏´‡∏ô‡πâ‡∏≤‡∏ó‡∏µ‡πà :
‡∏î‡∏≥‡πÄ‡∏ô‡∏¥‡∏ô‡∏Å‡∏≤‡∏£‡∏õ‡∏£‡∏∞‡∏Å‡∏≠‡∏ö ‡πÄ‡∏ä‡∏∑‡πà‡∏≠‡∏° ‡∏ã‡πà‡∏≠‡∏°‡πÅ‡∏ã‡∏°‡πÇ‡∏Ñ‡∏£‡∏á‡∏™‡∏£‡πâ‡∏≤‡∏á‡∏ó‡πà‡∏≠‡∏ó‡∏µ‡πà‡πÄ‡∏™‡∏µ‡∏¢‡∏´‡∏≤‡∏¢ ‡πÉ‡∏´‡πâ‡∏Å‡∏•‡∏±‡∏ö‡∏Ñ‡∏∑‡∏ô‡∏™‡∏†‡∏≤‡∏û‡∏ó‡∏±‡∏ô‡∏ï‡∏≤‡∏°‡∏Å‡∏≥‡∏´‡∏ô‡∏î‡∏£‡∏∞‡∏¢‡∏∞‡πÄ‡∏ß‡∏•‡∏≤ ‡∏ï‡∏≤‡∏°‡∏ó‡∏µ‡πà‡∏´‡∏±‡∏ß‡∏´‡∏ô‡πâ‡∏≤‡∏Å‡∏≥‡∏´‡∏ô‡∏î‡πÑ‡∏ß‡πâ
‡πÅ‡∏Å‡πâ‡πÑ‡∏Ç‡∏õ‡∏±‡∏ç‡∏´‡∏≤‡∏â‡∏∏‡∏Å‡πÄ‡∏â‡∏¥‡∏ô‡∏ó‡∏µ‡πà‡πÄ‡∏Å‡∏¥‡∏î‡∏Ç‡∏∂‡πâ‡∏ô‡∏Å‡∏±‡∏ö‡πÄ‡∏Ñ‡∏£‡∏∑‡πà‡∏≠‡∏á‡∏à‡∏±‡∏Å‡∏£ ‡πÄ‡∏û‡∏∑‡πà‡∏≠‡πÑ‡∏°‡πà‡πÉ‡∏´‡πâ‡πÄ‡∏Å‡∏¥‡∏î‡∏Ñ‡∏ß‡∏≤‡∏°‡πÄ‡∏™‡∏µ‡∏¢‡∏´‡∏≤‡∏¢‡∏ï‡πà‡∏≠‡∏Å‡∏£‡∏∞‡∏ö‡∏ß‡∏ô‡∏Å‡∏≤‡∏£‡∏ú‡∏•‡∏¥‡∏ï",2912059778881822,3,4,0,2020-05-29 14:21:22,2020-05-29 14:21:22,2020-05-29 14:21:22,FALSE,"‡∏ô‡∏¥‡∏Ñ‡∏°‡∏≠‡∏∏‡∏ï‡∏™‡∏≤‡∏´‡∏Å‡∏£‡∏£‡∏°304 ‡∏à‡∏±‡∏á‡∏´‡∏ß‡∏±‡∏î‡∏õ‡∏£‡∏≤‡∏à‡∏µ‡∏ô‡∏ö‡∏∏‡∏£‡∏µ",778137.348152915,1539869.78602589,47,"P",0,FALSE
"49",13,"Personal assistant to top management",2,22,27,"‡∏ß‡∏¥‡∏®‡∏ß‡∏Å‡∏£‡∏£‡∏°, ‡πÇ‡∏£‡∏á‡πÅ‡∏£‡∏°,","‡∏†‡∏≤‡∏©‡∏≤‡∏≠‡∏±‡∏á‡∏Å‡∏§‡∏© ‡∏™‡∏≤‡∏°‡∏≤‡∏£‡∏ñ‡∏û‡∏π‡∏î ‡∏™‡∏∑‡πà‡∏≠‡∏™‡∏≤‡∏£‡πÑ‡∏î‡πâ‡∏Ñ‡∏•‡πà‡∏≠‡∏á",25000,"- Participate and to be representative of Top Management in the concerned meetings or activities
- Act as sounding board and communicator for Top Management in the assigned business or functions
- Prepare information and propose suggestions/recommendations of concerned issues for the Top Management, vice versa, communicate messages from the Top Management
- Summarize monthly and quarterly reports for the assigned business/functions
- Arrange and record details of the meeting, follow up and monitor action plans
- Manage schedule time-table for the Top Management
- Follow up assignments and assist where appropriate for the Top Management",3040838095982402,2,5,1,2020-05-29 14:21:22,2020-05-29 14:21:22,2020-05-29 14:21:22,FALSE,"Bhiraj Tower, Bitec Bangna, 
Double A 22nd Floor, 

4345 ‡∏ñ‡∏ô‡∏ô‡∏™‡∏∏‡∏Ç‡∏∏‡∏°‡∏ß‡∏¥‡∏ó ‡πÅ‡∏Ç‡∏ß‡∏á ‡∏ö‡∏≤‡∏á‡∏ô‡∏≤ ‡πÄ‡∏Ç‡∏ï‡∏ö‡∏≤‡∏á‡∏ô‡∏≤ ‡∏Å‡∏£‡∏∏‡∏á‡πÄ‡∏ó‡∏û‡∏°‡∏´‡∏≤‡∏ô‡∏Ñ‡∏£ 10260",673683.201241775,1511776.55569162,47,"P",0,FALSE
"51",65,"‡∏ú‡∏π‡πâ‡∏ä‡πà‡∏ß‡∏¢‡∏ú‡∏π‡πâ‡∏à‡∏±‡∏î‡∏Å‡∏≤‡∏£",4,21,35,"-","‡πÑ‡∏°‡πà‡∏ï‡πâ‡∏≠‡∏á‡∏°‡∏µ",21000,"üì¢ ‡∏£‡∏±‡∏ö‡∏™‡∏°‡∏±‡∏Ñ‡∏£‡∏î‡πà‡∏ß‡∏ô ‡∏ó‡∏£‡∏≤‡∏ö‡∏ú‡∏•‡∏´‡∏•‡∏±‡∏á‡∏™‡∏±‡∏°‡∏†‡∏≤‡∏©‡∏ì‡πå‡∏ó‡∏±‡∏ô‡∏ó‡∏µ ‡∏Å‡∏≤‡∏£‡∏±‡∏ô‡∏ï‡∏µ‡πÇ‡∏≠‡∏Å‡∏≤‡∏™‡πÄ‡∏ï‡∏¥‡∏ö‡πÇ‡∏ï‡∏™‡∏π‡∏á üìà ‡∏°‡∏µ‡∏ó‡∏µ‡∏°‡∏á‡∏≤‡∏ô‡∏ã‡∏±‡∏û‡∏û‡∏≠‡∏£‡πå‡∏ó ‡∏û‡∏µ‡πà‡πÜ‡πÑ‡∏°‡πà‡∏´‡∏ß‡∏á‡∏Ñ‡∏ß‡∏≤‡∏°‡∏£‡∏π‡πâ ‡∏≠‡∏¢‡∏π‡πà‡∏Å‡∏±‡∏ô‡πÅ‡∏ö‡∏ö‡∏Ñ‡∏£‡∏≠‡∏ö‡∏Ñ‡∏£‡∏±‡∏ß 

‡∏ö‡∏£‡∏¥‡∏©‡∏±‡∏ó THAI SAMSUNG LIFE INSURANCE ‡∏™‡∏≥‡∏ô‡∏±‡∏Å‡∏á‡∏≤‡∏ô‡∏™‡∏∏‡∏ó‡∏ò‡∏¥‡∏™‡∏≤‡∏£

‡∏£‡∏±‡∏ö‡∏™‡∏°‡∏±‡∏Ñ‡∏£‡∏á‡∏≤‡∏ô‡πÉ‡∏ô‡∏ï‡∏≥‡πÅ‡∏´‡∏ô‡πà‡∏á ""‡∏ú‡∏π‡πâ‡∏ä‡πà‡∏ß‡∏¢‡∏ú‡∏π‡πâ‡∏à‡∏±‡∏î‡∏Å‡∏≤‡∏£"" üìÑ
‡∏Ñ‡∏∏‡∏ì‡∏™‡∏°‡∏ö‡∏±‡∏ï‡∏¥‚úÖ
- ‡∏ß‡∏∏‡∏í‡∏¥‡∏Å‡∏≤‡∏£‡∏®‡∏∂‡∏Å‡∏©‡∏≤ ‡∏õ‡∏ß‡∏™./‡∏õ.‡∏ï‡∏£‡∏µ ‡∏¢‡∏¥‡∏ô‡∏î‡∏µ‡∏£‡∏±‡∏ö‡∏Ñ‡∏ô‡∏ß‡πà‡∏≤‡∏á‡∏á‡∏≤‡∏ô ‡∏ô‡∏±‡∏Å‡∏®‡∏∂‡∏Å‡∏©‡∏≤‡∏à‡∏ö‡πÉ‡∏´‡∏°‡πà‡∏´‡∏£‡∏∑‡∏≠‡πÉ‡∏Å‡∏•‡πâ‡∏à‡∏ö‡∏ó‡∏∏‡∏Å‡∏™‡∏≤‡∏Ç‡∏≤
- ‡πÑ‡∏°‡πà‡∏à‡∏≥‡πÄ‡∏õ‡πá‡∏ô‡∏ï‡πâ‡∏≠‡∏á‡∏°‡∏µ‡∏õ‡∏£‡∏∞‡∏™‡∏ö‡∏Å‡∏≤‡∏£‡∏ì‡πå ‡∏°‡∏µ‡πÄ‡∏ó‡∏£‡∏ô‡∏á‡∏≤‡∏ô‡πÉ‡∏´‡πâ‡∏ï‡∏±‡πâ‡∏á‡πÅ‡∏ï‡πà‡∏ß‡∏±‡∏ô‡πÅ‡∏£‡∏Å
- ‡πÑ‡∏°‡πà‡∏à‡∏≥‡∏Å‡∏±‡∏î‡πÄ‡∏û‡∏®
‡∏•‡∏±‡∏Å‡∏©‡∏ì‡∏∞‡∏á‡∏≤‡∏ô
1. ‡∏à‡∏±‡∏î‡∏≠‡∏ö‡∏£‡∏°‡πÄ‡∏ó‡∏£‡∏ô‡∏ô‡∏¥‡πà‡∏á (Training)
2. ‡∏™‡∏£‡∏£‡∏´‡∏≤‡∏ö‡∏∏‡∏Ñ‡∏•‡∏≤‡∏Å‡∏£ (Recruit)
3. ‡∏ï‡∏¥‡∏î‡∏ï‡πà‡∏≠‡∏õ‡∏£‡∏∞‡∏™‡∏≤‡∏ô‡∏á‡∏≤‡∏ô‡πÉ‡∏´‡πâ‡∏Å‡∏±‡∏ö‡∏ú‡∏π‡πâ‡∏à‡∏±‡∏î‡∏Å‡∏≤‡∏£‡∏Å‡∏±‡∏ö‡∏ö‡∏∏‡∏Ñ‡∏•‡∏≤‡∏Å‡∏£

‡πÄ‡∏õ‡πá‡∏ô‡∏á‡∏≤‡∏ô‡∏ù‡πà‡∏≤‡∏¢‡∏ö‡∏£‡∏¥‡∏´‡∏≤‡∏£‡∏õ‡∏£‡∏∞‡∏à‡∏≥‡∏≠‡∏≠‡∏ü‡∏ü‡∏¥‡∏®‡∏™‡∏≥‡∏ô‡∏±‡∏Å‡∏á‡∏≤‡∏ô‡∏™‡∏∏‡∏ó‡∏ò‡∏¥‡∏™‡∏≤‡∏£ ‡πÑ‡∏°‡πà‡πÉ‡∏ä‡πà‡∏á‡∏≤‡∏ô‡πÄ‡∏£‡πà‡∏Ç‡∏≤‡∏¢‡∏õ‡∏£‡∏∞‡∏Å‡∏±‡∏ô ‡πÑ‡∏°‡πà‡πÉ‡∏ä‡πà‡πÄ‡∏ó‡πÄ‡∏•‡πÄ‡∏ã‡∏•‡∏•‡πå ‡∏£‡∏≤‡∏¢‡πÑ‡∏î‡πâ‡∏Ç‡∏∂‡πâ‡∏ô‡∏≠‡∏¢‡∏π‡πà‡∏Å‡∏±‡∏ö‡∏Ñ‡∏ß‡∏≤‡∏°‡∏™‡∏≤‡∏°‡∏≤‡∏£‡∏ñ‡πÅ‡∏•‡∏∞‡∏ú‡∏•‡∏á‡∏≤‡∏ô‡∏ö‡∏£‡∏¥‡∏´‡∏≤‡∏£‡∏Ç‡∏≠‡∏á‡πÅ‡∏ï‡πà‡∏•‡∏∞‡∏ö‡∏∏‡∏Ñ‡∏Ñ‡∏• ‡πÄ‡∏£‡∏¥‡πà‡∏°‡∏ï‡πâ‡∏ô‡∏≠‡∏¢‡∏π‡πà‡∏ó‡∏µ‡πà 18,000 - 50,000++ ‡∏ï‡∏≤‡∏°‡∏ú‡∏•‡∏á‡∏≤‡∏ô‡πÅ‡∏•‡∏∞‡∏Ñ‡∏ß‡∏≤‡∏°‡∏™‡∏≤‡∏°‡∏≤‡∏£‡∏ñ

‡∏™‡∏ô‡πÉ‡∏à‡∏ô‡∏±‡∏î‡πÄ‡∏Ç‡πâ‡∏≤‡∏™‡∏±‡∏°‡∏†‡∏≤‡∏©‡∏ì‡πå‡∏á‡∏≤‡∏ô‡∏ï‡∏¥‡∏î‡∏ï‡πà‡∏≠‡πÑ‡∏î‡πâ‡∏ó‡∏≤‡∏á INBOX ‡∏´‡∏£‡∏∑‡∏≠ ‡πÇ‡∏ó‡∏£ 0935797017",3134522779901325,3,5,0,2020-06-12 13:35:03,2020-06-12 13:35:03,2020-06-12 13:35:03,FALSE,"MRT ‡∏™‡∏∏‡∏ó‡∏ò‡∏¥‡∏™‡∏≤‡∏£",670169.22095845,1525042.00643581,47,"P",NA,NA
